"LOCATION","INDICATOR","SUBJECT","MEASURE","FREQUENCY","TIME","Value","Flag Codes"
"AUS","GDP","TOT","MLN_USD","A","1995",404102.992,
"AUS","GDP","TOT","MLN_USD","A","1996",424472.904,
"AUS","GDP","TOT","MLN_USD","A","1997",450962.701,
"AUS","GDP","TOT","MLN_USD","A","1998",478691.653,
"AUS","GDP","TOT","MLN_USD","A","1999",510947.993,
"AUS","GDP","TOT","MLN_USD","A","2000",539145.387,
"AUS","GDP","TOT","MLN_USD","A","2001",569808.633,
"AUS","GDP","TOT","MLN_USD","A","2002",600908.415,
"AUS","GDP","TOT","MLN_USD","A","2003",639129.682,
"AUS","GDP","TOT","MLN_USD","A","2004",678093.349,
"AUS","GDP","TOT","MLN_USD","A","2005",719977.551,
"AUS","GDP","TOT","MLN_USD","A","2006",776413.103,
"AUS","GDP","TOT","MLN_USD","A","2007",826927.984,
"AUS","GDP","TOT","MLN_USD","A","2008",852859.354,
"AUS","GDP","TOT","MLN_USD","A","2009",904208.888,
"AUS","GDP","TOT","MLN_USD","A","2010",943487.934,
"AUS","GDP","TOT","MLN_USD","A","2011",993249.916,
"AUS","GDP","TOT","MLN_USD","A","2012",998266.252,
"AUS","GDP","TOT","MLN_USD","A","2013",1105431.18,
"AUS","GDP","TOT","MLN_USD","A","2014",1118585.036,
"AUS","GDP","TOT","MLN_USD","A","2015",1125701.148,
"AUS","GDP","TOT","MLN_USD","A","2016",1213233.545,
"AUS","GDP","TOT","MLN_USD","A","2017",1248366.725,
"AUS","GDP","TOT","MLN_USD","A","2018",1326195.638,
"AUS","GDP","TOT","MLN_USD","A","2019",1341053.276,
"AUS","GDP","TOT","MLN_USD","A","2020",1436700.137,
"AUS","GDP","TOT","MLN_USD","A","2021",1611809.807,
"AUS","GDP","TOT","MLN_USD","A","2022",1804621.816,
"AUT","GDP","TOT","MLN_USD","A","1995",188359.111,
"AUT","GDP","TOT","MLN_USD","A","1996",195478.33,
"AUT","GDP","TOT","MLN_USD","A","1997",202600.685,
"AUT","GDP","TOT","MLN_USD","A","1998",212786.029,
"AUT","GDP","TOT","MLN_USD","A","1999",220639.939,
"AUT","GDP","TOT","MLN_USD","A","2000",235393.211,
"AUT","GDP","TOT","MLN_USD","A","2001",238924.377,
"AUT","GDP","TOT","MLN_USD","A","2002",251984.784,
"AUT","GDP","TOT","MLN_USD","A","2003",261070.253,
"AUT","GDP","TOT","MLN_USD","A","2004",276000.045,
"AUT","GDP","TOT","MLN_USD","A","2005",288086.722,
"AUT","GDP","TOT","MLN_USD","A","2006",311394.8,
"AUT","GDP","TOT","MLN_USD","A","2007",327137.69,
"AUT","GDP","TOT","MLN_USD","A","2008",343812.976,
"AUT","GDP","TOT","MLN_USD","A","2009",341396.516,
"AUT","GDP","TOT","MLN_USD","A","2010",351323.808,
"AUT","GDP","TOT","MLN_USD","A","2011",373031.477,
"AUT","GDP","TOT","MLN_USD","A","2012",391635.176,
"AUT","GDP","TOT","MLN_USD","A","2013",406370.245,
"AUT","GDP","TOT","MLN_USD","A","2014",417059.519,
"AUT","GDP","TOT","MLN_USD","A","2015",430975.924,
"AUT","GDP","TOT","MLN_USD","A","2016",460282.647,
"AUT","GDP","TOT","MLN_USD","A","2017",476590.588,
"AUT","GDP","TOT","MLN_USD","A","2018",503361.417,
"AUT","GDP","TOT","MLN_USD","A","2019",530139.203,
"AUT","GDP","TOT","MLN_USD","A","2020",510361.633,
"AUT","GDP","TOT","MLN_USD","A","2021",535814.997,
"AUT","GDP","TOT","MLN_USD","A","2022",613714.889,
"BEL","GDP","TOT","MLN_USD","A","1995",227545.765,
"BEL","GDP","TOT","MLN_USD","A","1996",231009.739,
"BEL","GDP","TOT","MLN_USD","A","1997",241623.533,
"BEL","GDP","TOT","MLN_USD","A","1998",248642.021,
"BEL","GDP","TOT","MLN_USD","A","1999",260168.781,
"BEL","GDP","TOT","MLN_USD","A","2000",284881.505,
"BEL","GDP","TOT","MLN_USD","A","2001",296187.433,
"BEL","GDP","TOT","MLN_USD","A","2002",312900.475,
"BEL","GDP","TOT","MLN_USD","A","2003",320979.727,
"BEL","GDP","TOT","MLN_USD","A","2004",334135.685,
"BEL","GDP","TOT","MLN_USD","A","2005",347658.439,
"BEL","GDP","TOT","MLN_USD","A","2006",371888.473,
"BEL","GDP","TOT","MLN_USD","A","2007",390981.666,
"BEL","GDP","TOT","MLN_USD","A","2008",405729.43,
"BEL","GDP","TOT","MLN_USD","A","2009",407566.641,
"BEL","GDP","TOT","MLN_USD","A","2010",434058.868,
"BEL","GDP","TOT","MLN_USD","A","2011",451932.625,
"BEL","GDP","TOT","MLN_USD","A","2012",469720.336,
"BEL","GDP","TOT","MLN_USD","A","2013",487343.796,
"BEL","GDP","TOT","MLN_USD","A","2014",503619.623,
"BEL","GDP","TOT","MLN_USD","A","2015",520877.807,
"BEL","GDP","TOT","MLN_USD","A","2016",550677.566,
"BEL","GDP","TOT","MLN_USD","A","2017",573788.528,
"BEL","GDP","TOT","MLN_USD","A","2018",600269.926,
"BEL","GDP","TOT","MLN_USD","A","2019",641140.489,
"BEL","GDP","TOT","MLN_USD","A","2020",630920.981,
"BEL","GDP","TOT","MLN_USD","A","2021",689479.057,
"BEL","GDP","TOT","MLN_USD","A","2022",765169.283,"P"
"CAN","GDP","TOT","MLN_USD","A","1995",688183.628,
"CAN","GDP","TOT","MLN_USD","A","1996",712130.958,
"CAN","GDP","TOT","MLN_USD","A","1997",755416.033,
"CAN","GDP","TOT","MLN_USD","A","1998",793682.05,
"CAN","GDP","TOT","MLN_USD","A","1999",846421.343,
"CAN","GDP","TOT","MLN_USD","A","2000",901003.29,
"CAN","GDP","TOT","MLN_USD","A","2001",937793.044,
"CAN","GDP","TOT","MLN_USD","A","2002",971009.088,
"CAN","GDP","TOT","MLN_USD","A","2003",1023686.549,
"CAN","GDP","TOT","MLN_USD","A","2004",1083615.23,
"CAN","GDP","TOT","MLN_USD","A","2005",1171340.162,
"CAN","GDP","TOT","MLN_USD","A","2006",1241618.911,
"CAN","GDP","TOT","MLN_USD","A","2007",1301593.852,
"CAN","GDP","TOT","MLN_USD","A","2008",1342396.613,
"CAN","GDP","TOT","MLN_USD","A","2009",1307000.658,
"CAN","GDP","TOT","MLN_USD","A","2010",1363578.975,
"CAN","GDP","TOT","MLN_USD","A","2011",1430807.125,
"CAN","GDP","TOT","MLN_USD","A","2012",1468094.965,
"CAN","GDP","TOT","MLN_USD","A","2013",1554122.745,
"CAN","GDP","TOT","MLN_USD","A","2014",1621396.709,
"CAN","GDP","TOT","MLN_USD","A","2015",1594850.842,
"CAN","GDP","TOT","MLN_USD","A","2016",1678093.396,
"CAN","GDP","TOT","MLN_USD","A","2017",1765763.154,
"CAN","GDP","TOT","MLN_USD","A","2018",1852987.755,
"CAN","GDP","TOT","MLN_USD","A","2019",1873760.081,
"CAN","GDP","TOT","MLN_USD","A","2020",1794940.001,
"CAN","GDP","TOT","MLN_USD","A","2021",2026899.115,
"CAN","GDP","TOT","MLN_USD","A","2022",2271469.345,
"CZE","GDP","TOT","MLN_USD","A","1995",143136.024,
"CZE","GDP","TOT","MLN_USD","A","1996",151528.229,
"CZE","GDP","TOT","MLN_USD","A","1997",152754.882,
"CZE","GDP","TOT","MLN_USD","A","1998",154189.841,
"CZE","GDP","TOT","MLN_USD","A","1999",158333.514,
"CZE","GDP","TOT","MLN_USD","A","2000",166527.993,
"CZE","GDP","TOT","MLN_USD","A","2001",180061.911,
"CZE","GDP","TOT","MLN_USD","A","2002",186119.946,
"CZE","GDP","TOT","MLN_USD","A","2003",199181.111,
"CZE","GDP","TOT","MLN_USD","A","2004",213447.732,
"CZE","GDP","TOT","MLN_USD","A","2005",225620.781,
"CZE","GDP","TOT","MLN_USD","A","2006",244936.694,
"CZE","GDP","TOT","MLN_USD","A","2007",270711.922,
"CZE","GDP","TOT","MLN_USD","A","2008",290503.947,
"CZE","GDP","TOT","MLN_USD","A","2009",289942.416,
"CZE","GDP","TOT","MLN_USD","A","2010",292032.224,
"CZE","GDP","TOT","MLN_USD","A","2011",304400.914,
"CZE","GDP","TOT","MLN_USD","A","2012",307490.199,
"CZE","GDP","TOT","MLN_USD","A","2013",324029.978,
"CZE","GDP","TOT","MLN_USD","A","2014",342099.837,
"CZE","GDP","TOT","MLN_USD","A","2015",357503.881,
"CZE","GDP","TOT","MLN_USD","A","2016",381420.335,
"CZE","GDP","TOT","MLN_USD","A","2017",411327.86,
"CZE","GDP","TOT","MLN_USD","A","2018",437355.916,
"CZE","GDP","TOT","MLN_USD","A","2019",471832.671,
"CZE","GDP","TOT","MLN_USD","A","2020",458157.819,
"CZE","GDP","TOT","MLN_USD","A","2021",479378.76,
"CZE","GDP","TOT","MLN_USD","A","2022",525014.413,
"DNK","GDP","TOT","MLN_USD","A","1995",118782.686,
"DNK","GDP","TOT","MLN_USD","A","1996",124952.605,
"DNK","GDP","TOT","MLN_USD","A","1997",131746.08,
"DNK","GDP","TOT","MLN_USD","A","1998",136926.594,
"DNK","GDP","TOT","MLN_USD","A","1999",141846.299,
"DNK","GDP","TOT","MLN_USD","A","2000",153052.899,
"DNK","GDP","TOT","MLN_USD","A","2001",157778.439,
"DNK","GDP","TOT","MLN_USD","A","2002",164720.391,
"DNK","GDP","TOT","MLN_USD","A","2003",166147.966,
"DNK","GDP","TOT","MLN_USD","A","2004",178018.944,
"DNK","GDP","TOT","MLN_USD","A","2005",185074.466,
"DNK","GDP","TOT","MLN_USD","A","2006",202984.122,
"DNK","GDP","TOT","MLN_USD","A","2007",213056.909,
"DNK","GDP","TOT","MLN_USD","A","2008",226767.494,
"DNK","GDP","TOT","MLN_USD","A","2009",222756.489,
"DNK","GDP","TOT","MLN_USD","A","2010",238555.117,
"DNK","GDP","TOT","MLN_USD","A","2011",247352.237,
"DNK","GDP","TOT","MLN_USD","A","2012",250524.599,
"DNK","GDP","TOT","MLN_USD","A","2013",262368.12,
"DNK","GDP","TOT","MLN_USD","A","2014",270330.607,
"DNK","GDP","TOT","MLN_USD","A","2015",278748.365,
"DNK","GDP","TOT","MLN_USD","A","2016",297719.06,
"DNK","GDP","TOT","MLN_USD","A","2017",319130.165,
"DNK","GDP","TOT","MLN_USD","A","2018",333035.355,
"DNK","GDP","TOT","MLN_USD","A","2019",348345.911,
"DNK","GDP","TOT","MLN_USD","A","2020",354277.793,
"DNK","GDP","TOT","MLN_USD","A","2021",387053.183,
"DNK","GDP","TOT","MLN_USD","A","2022",442119.714,
"FIN","GDP","TOT","MLN_USD","A","1995",100049.872,
"FIN","GDP","TOT","MLN_USD","A","1996",102941.742,
"FIN","GDP","TOT","MLN_USD","A","1997",112019.85,
"FIN","GDP","TOT","MLN_USD","A","1998",121506.579,
"FIN","GDP","TOT","MLN_USD","A","1999",127934.786,
"FIN","GDP","TOT","MLN_USD","A","2000",138670.013,
"FIN","GDP","TOT","MLN_USD","A","2001",144231.927,
"FIN","GDP","TOT","MLN_USD","A","2002",148763.802,
"FIN","GDP","TOT","MLN_USD","A","2003",151453.508,
"FIN","GDP","TOT","MLN_USD","A","2004",163129.043,
"FIN","GDP","TOT","MLN_USD","A","2005",168146.753,
"FIN","GDP","TOT","MLN_USD","A","2006",181438.129,
"FIN","GDP","TOT","MLN_USD","A","2007",200141.702,
"FIN","GDP","TOT","MLN_USD","A","2008",212980.742,
"FIN","GDP","TOT","MLN_USD","A","2009",202731.154,
"FIN","GDP","TOT","MLN_USD","A","2010",208926.59,
"FIN","GDP","TOT","MLN_USD","A","2011",220471.171,
"FIN","GDP","TOT","MLN_USD","A","2012",221285.636,
"FIN","GDP","TOT","MLN_USD","A","2013",225679.983,
"FIN","GDP","TOT","MLN_USD","A","2014",228058.636,
"FIN","GDP","TOT","MLN_USD","A","2015",232867.602,
"FIN","GDP","TOT","MLN_USD","A","2016",246928.493,
"FIN","GDP","TOT","MLN_USD","A","2017",262026.563,
"FIN","GDP","TOT","MLN_USD","A","2018",273455.993,
"FIN","GDP","TOT","MLN_USD","A","2019",286082.927,
"FIN","GDP","TOT","MLN_USD","A","2020",289224.32,
"FIN","GDP","TOT","MLN_USD","A","2021",303527.426,
"FIN","GDP","TOT","MLN_USD","A","2022",330422.255,
"FRA","GDP","TOT","MLN_USD","A","1995",1237192.1,
"FRA","GDP","TOT","MLN_USD","A","1996",1276252.375,
"FRA","GDP","TOT","MLN_USD","A","1997",1333839.225,
"FRA","GDP","TOT","MLN_USD","A","1998",1405950.617,
"FRA","GDP","TOT","MLN_USD","A","1999",1470523.886,
"FRA","GDP","TOT","MLN_USD","A","2000",1589552.173,
"FRA","GDP","TOT","MLN_USD","A","2001",1687041.876,
"FRA","GDP","TOT","MLN_USD","A","2002",1762925.935,
"FRA","GDP","TOT","MLN_USD","A","2003",1753693.725,
"FRA","GDP","TOT","MLN_USD","A","2004",1822243.671,
"FRA","GDP","TOT","MLN_USD","A","2005",1926880.385,
"FRA","GDP","TOT","MLN_USD","A","2006",2065560.669,
"FRA","GDP","TOT","MLN_USD","A","2007",2184595.05,
"FRA","GDP","TOT","MLN_USD","A","2008",2259255.844,
"FRA","GDP","TOT","MLN_USD","A","2009",2243937.742,
"FRA","GDP","TOT","MLN_USD","A","2010",2334557.742,
"FRA","GDP","TOT","MLN_USD","A","2011",2446474.544,
"FRA","GDP","TOT","MLN_USD","A","2012",2474005.287,
"FRA","GDP","TOT","MLN_USD","A","2013",2608523.504,
"FRA","GDP","TOT","MLN_USD","A","2014",2662032.873,
"FRA","GDP","TOT","MLN_USD","A","2015",2718495.127,
"FRA","GDP","TOT","MLN_USD","A","2016",2864105.631,
"FRA","GDP","TOT","MLN_USD","A","2017",2983010.673,
"FRA","GDP","TOT","MLN_USD","A","2018",3125379.86,
"FRA","GDP","TOT","MLN_USD","A","2019",3403158.941,
"FRA","GDP","TOT","MLN_USD","A","2020",3262896.418,
"FRA","GDP","TOT","MLN_USD","A","2021",3481611.03,"P"
"FRA","GDP","TOT","MLN_USD","A","2022",3764758.779,"P"
"DEU","GDP","TOT","MLN_USD","A","1995",1924795.611,
"DEU","GDP","TOT","MLN_USD","A","1996",1972389.653,
"DEU","GDP","TOT","MLN_USD","A","1997",2015809.715,
"DEU","GDP","TOT","MLN_USD","A","1998",2079540.241,
"DEU","GDP","TOT","MLN_USD","A","1999",2158515.841,
"DEU","GDP","TOT","MLN_USD","A","2000",2236504.797,
"DEU","GDP","TOT","MLN_USD","A","2001",2336594.757,
"DEU","GDP","TOT","MLN_USD","A","2002",2406900.908,
"DEU","GDP","TOT","MLN_USD","A","2003",2468569.147,
"DEU","GDP","TOT","MLN_USD","A","2004",2585566.23,
"DEU","GDP","TOT","MLN_USD","A","2005",2622039.802,
"DEU","GDP","TOT","MLN_USD","A","2006",2813824.86,
"DEU","GDP","TOT","MLN_USD","A","2007",2985617.276,
"DEU","GDP","TOT","MLN_USD","A","2008",3103958.247,
"DEU","GDP","TOT","MLN_USD","A","2009",3015332.321,
"DEU","GDP","TOT","MLN_USD","A","2010",3185267.891,
"DEU","GDP","TOT","MLN_USD","A","2011",3415019.966,
"DEU","GDP","TOT","MLN_USD","A","2012",3487234.448,
"DEU","GDP","TOT","MLN_USD","A","2013",3628559.337,
"DEU","GDP","TOT","MLN_USD","A","2014",3807114.521,
"DEU","GDP","TOT","MLN_USD","A","2015",3889081.896,
"DEU","GDP","TOT","MLN_USD","A","2016",4165169.905,
"DEU","GDP","TOT","MLN_USD","A","2017",4386729.188,
"DEU","GDP","TOT","MLN_USD","A","2018",4576056.532,
"DEU","GDP","TOT","MLN_USD","A","2019",4770495.488,"P"
"DEU","GDP","TOT","MLN_USD","A","2020",4694786.155,"P"
"DEU","GDP","TOT","MLN_USD","A","2021",4913166.143,"P"
"DEU","GDP","TOT","MLN_USD","A","2022",5323008.116,"P"
"GRC","GDP","TOT","MLN_USD","A","1995",163008.397,
"GRC","GDP","TOT","MLN_USD","A","1996",171331.14,
"GRC","GDP","TOT","MLN_USD","A","1997",182903.324,
"GRC","GDP","TOT","MLN_USD","A","1998",193336.035,
"GRC","GDP","TOT","MLN_USD","A","1999",198711.939,
"GRC","GDP","TOT","MLN_USD","A","2000",210928.9,
"GRC","GDP","TOT","MLN_USD","A","2001",227657.332,
"GRC","GDP","TOT","MLN_USD","A","2002",246559.281,
"GRC","GDP","TOT","MLN_USD","A","2003",261156.845,
"GRC","GDP","TOT","MLN_USD","A","2004",278924.6,
"GRC","GDP","TOT","MLN_USD","A","2005",281028.396,
"GRC","GDP","TOT","MLN_USD","A","2006",314601.571,
"GRC","GDP","TOT","MLN_USD","A","2007",323985.185,
"GRC","GDP","TOT","MLN_USD","A","2008",341817.829,
"GRC","GDP","TOT","MLN_USD","A","2009",337203.102,
"GRC","GDP","TOT","MLN_USD","A","2010",310415.31,"B"
"GRC","GDP","TOT","MLN_USD","A","2011",285079.561,
"GRC","GDP","TOT","MLN_USD","A","2012",275143.683,
"GRC","GDP","TOT","MLN_USD","A","2013",284949.076,
"GRC","GDP","TOT","MLN_USD","A","2014",290011.379,
"GRC","GDP","TOT","MLN_USD","A","2015",289570.644,
"GRC","GDP","TOT","MLN_USD","A","2016",296466.614,
"GRC","GDP","TOT","MLN_USD","A","2017",307636.013,
"GRC","GDP","TOT","MLN_USD","A","2018",317881.481,
"GRC","GDP","TOT","MLN_USD","A","2019",334033.617,
"GRC","GDP","TOT","MLN_USD","A","2020",303299.582,
"GRC","GDP","TOT","MLN_USD","A","2021",332695.257,"P"
"GRC","GDP","TOT","MLN_USD","A","2022",386578.919,"P"
"HUN","GDP","TOT","MLN_USD","A","1995",94949.945,
"HUN","GDP","TOT","MLN_USD","A","1996",96433.633,
"HUN","GDP","TOT","MLN_USD","A","1997",101102.156,
"HUN","GDP","TOT","MLN_USD","A","1998",106755.322,
"HUN","GDP","TOT","MLN_USD","A","1999",111315.201,
"HUN","GDP","TOT","MLN_USD","A","2000",121055.806,
"HUN","GDP","TOT","MLN_USD","A","2001",134582.542,
"HUN","GDP","TOT","MLN_USD","A","2002",147567.884,
"HUN","GDP","TOT","MLN_USD","A","2003",156795.607,
"HUN","GDP","TOT","MLN_USD","A","2004",164432.54,
"HUN","GDP","TOT","MLN_USD","A","2005",172572.944,
"HUN","GDP","TOT","MLN_USD","A","2006",185137.549,
"HUN","GDP","TOT","MLN_USD","A","2007",192032.269,
"HUN","GDP","TOT","MLN_USD","A","2008",208006.337,
"HUN","GDP","TOT","MLN_USD","A","2009",207698.243,
"HUN","GDP","TOT","MLN_USD","A","2010",217415.959,
"HUN","GDP","TOT","MLN_USD","A","2011",229643.36,
"HUN","GDP","TOT","MLN_USD","A","2012",230821.511,
"HUN","GDP","TOT","MLN_USD","A","2013",242855.184,
"HUN","GDP","TOT","MLN_USD","A","2014",253484.632,
"HUN","GDP","TOT","MLN_USD","A","2015",263781.873,
"HUN","GDP","TOT","MLN_USD","A","2016",274222.712,
"HUN","GDP","TOT","MLN_USD","A","2017",288707.448,
"HUN","GDP","TOT","MLN_USD","A","2018",311927.137,
"HUN","GDP","TOT","MLN_USD","A","2019",338526.704,
"HUN","GDP","TOT","MLN_USD","A","2020",333161.834,
"HUN","GDP","TOT","MLN_USD","A","2021",356701.68,
"HUN","GDP","TOT","MLN_USD","A","2022",402509.611,"P"
"ISL","GDP","TOT","MLN_USD","A","1995",6407.343,
"ISL","GDP","TOT","MLN_USD","A","1996",6662.593,
"ISL","GDP","TOT","MLN_USD","A","1997",7286.027,
"ISL","GDP","TOT","MLN_USD","A","1998",7871.118,
"ISL","GDP","TOT","MLN_USD","A","1999",8198.7,
"ISL","GDP","TOT","MLN_USD","A","2000",8375.645,
"ISL","GDP","TOT","MLN_USD","A","2001",9085.392,
"ISL","GDP","TOT","MLN_USD","A","2002",9375.293,
"ISL","GDP","TOT","MLN_USD","A","2003",9467.595,
"ISL","GDP","TOT","MLN_USD","A","2004",10402.625,
"ISL","GDP","TOT","MLN_USD","A","2005",11074.926,
"ISL","GDP","TOT","MLN_USD","A","2006",12059.466,
"ISL","GDP","TOT","MLN_USD","A","2007",12920.229,
"ISL","GDP","TOT","MLN_USD","A","2008",13879.916,
"ISL","GDP","TOT","MLN_USD","A","2009",13333.839,
"ISL","GDP","TOT","MLN_USD","A","2010",12649.529,
"ISL","GDP","TOT","MLN_USD","A","2011",13059.434,
"ISL","GDP","TOT","MLN_USD","A","2012",13471.498,
"ISL","GDP","TOT","MLN_USD","A","2013",14378.252,
"ISL","GDP","TOT","MLN_USD","A","2014",15058.764,
"ISL","GDP","TOT","MLN_USD","A","2015",16276.45,
"ISL","GDP","TOT","MLN_USD","A","2016",17939.411,
"ISL","GDP","TOT","MLN_USD","A","2017",19106.258,
"ISL","GDP","TOT","MLN_USD","A","2018",20174.854,
"ISL","GDP","TOT","MLN_USD","A","2019",21507.881,
"ISL","GDP","TOT","MLN_USD","A","2020",19912.086,
"ISL","GDP","TOT","MLN_USD","A","2021",21715.673,
"ISL","GDP","TOT","MLN_USD","A","2022",26593.332,
"IRL","GDP","TOT","MLN_USD","A","1995",68369.684,
"IRL","GDP","TOT","MLN_USD","A","1996",74500.238,
"IRL","GDP","TOT","MLN_USD","A","1997",83169.309,
"IRL","GDP","TOT","MLN_USD","A","1998",93163.071,
"IRL","GDP","TOT","MLN_USD","A","1999",101534.479,
"IRL","GDP","TOT","MLN_USD","A","2000",114959.9,
"IRL","GDP","TOT","MLN_USD","A","2001",125937.229,
"IRL","GDP","TOT","MLN_USD","A","2002",138490.842,
"IRL","GDP","TOT","MLN_USD","A","2003",145013.085,
"IRL","GDP","TOT","MLN_USD","A","2004",157656.138,
"IRL","GDP","TOT","MLN_USD","A","2005",168336.081,
"IRL","GDP","TOT","MLN_USD","A","2006",189018.885,
"IRL","GDP","TOT","MLN_USD","A","2007",205779.814,
"IRL","GDP","TOT","MLN_USD","A","2008",198299.13,
"IRL","GDP","TOT","MLN_USD","A","2009",188088.826,
"IRL","GDP","TOT","MLN_USD","A","2010",197036.295,
"IRL","GDP","TOT","MLN_USD","A","2011",206639.608,
"IRL","GDP","TOT","MLN_USD","A","2012",212883.421,
"IRL","GDP","TOT","MLN_USD","A","2013",221005.187,
"IRL","GDP","TOT","MLN_USD","A","2014",238656.914,
"IRL","GDP","TOT","MLN_USD","A","2015",325443.078,
"IRL","GDP","TOT","MLN_USD","A","2016",339580.36,
"IRL","GDP","TOT","MLN_USD","A","2017",375788.611,
"IRL","GDP","TOT","MLN_USD","A","2018",413324.138,
"IRL","GDP","TOT","MLN_USD","A","2019",442259.298,
"IRL","GDP","TOT","MLN_USD","A","2020",471371.126,
"IRL","GDP","TOT","MLN_USD","A","2021",546184.137,
"IRL","GDP","TOT","MLN_USD","A","2022",650316.274,
"ITA","GDP","TOT","MLN_USD","A","1995",1273063.339,
"ITA","GDP","TOT","MLN_USD","A","1996",1311139.817,
"ITA","GDP","TOT","MLN_USD","A","1997",1358302.153,
"ITA","GDP","TOT","MLN_USD","A","1998",1423901.289,
"ITA","GDP","TOT","MLN_USD","A","1999",1457193.11,
"ITA","GDP","TOT","MLN_USD","A","2000",1541858.123,
"ITA","GDP","TOT","MLN_USD","A","2001",1597502.924,
"ITA","GDP","TOT","MLN_USD","A","2002",1639680.501,
"ITA","GDP","TOT","MLN_USD","A","2003",1673454.381,
"ITA","GDP","TOT","MLN_USD","A","2004",1704882.532,
"ITA","GDP","TOT","MLN_USD","A","2005",1746658.11,
"ITA","GDP","TOT","MLN_USD","A","2006",1886859.551,
"ITA","GDP","TOT","MLN_USD","A","2007",1995406.894,
"ITA","GDP","TOT","MLN_USD","A","2008",2089717.307,
"ITA","GDP","TOT","MLN_USD","A","2009",2044893.204,
"ITA","GDP","TOT","MLN_USD","A","2010",2083996.379,
"ITA","GDP","TOT","MLN_USD","A","2011",2173169.961,
"ITA","GDP","TOT","MLN_USD","A","2012",2172383.108,
"ITA","GDP","TOT","MLN_USD","A","2013",2187376.607,
"ITA","GDP","TOT","MLN_USD","A","2014",2200256.409,
"ITA","GDP","TOT","MLN_USD","A","2015",2240922.483,
"ITA","GDP","TOT","MLN_USD","A","2016",2420672.141,
"ITA","GDP","TOT","MLN_USD","A","2017",2517184.468,
"ITA","GDP","TOT","MLN_USD","A","2018",2600326.872,
"ITA","GDP","TOT","MLN_USD","A","2019",2735577.365,
"ITA","GDP","TOT","MLN_USD","A","2020",2564795.429,
"ITA","GDP","TOT","MLN_USD","A","2021",2814257.328,
"ITA","GDP","TOT","MLN_USD","A","2022",3112290.717,
"JPN","GDP","TOT","MLN_USD","A","1995",2993644.743,
"JPN","GDP","TOT","MLN_USD","A","1996",3143992.145,
"JPN","GDP","TOT","MLN_USD","A","1997",3229588.927,
"JPN","GDP","TOT","MLN_USD","A","1998",3224451.313,
"JPN","GDP","TOT","MLN_USD","A","1999",3258971.755,
"JPN","GDP","TOT","MLN_USD","A","2000",3461199.211,
"JPN","GDP","TOT","MLN_USD","A","2001",3552841.441,
"JPN","GDP","TOT","MLN_USD","A","2002",3647933.242,
"JPN","GDP","TOT","MLN_USD","A","2003",3753919.246,
"JPN","GDP","TOT","MLN_USD","A","2004",3938955.766,
"JPN","GDP","TOT","MLN_USD","A","2005",4110440.486,
"JPN","GDP","TOT","MLN_USD","A","2006",4300322.188,
"JPN","GDP","TOT","MLN_USD","A","2007",4482081.29,
"JPN","GDP","TOT","MLN_USD","A","2008",4517267.524,
"JPN","GDP","TOT","MLN_USD","A","2009",4295628.986,
"JPN","GDP","TOT","MLN_USD","A","2010",4525401.306,
"JPN","GDP","TOT","MLN_USD","A","2011",4629400.467,
"JPN","GDP","TOT","MLN_USD","A","2012",4799612.88,
"JPN","GDP","TOT","MLN_USD","A","2013",5021591.104,
"JPN","GDP","TOT","MLN_USD","A","2014",5034454.619,
"JPN","GDP","TOT","MLN_USD","A","2015",5199915.223,
"JPN","GDP","TOT","MLN_USD","A","2016",5158900.414,
"JPN","GDP","TOT","MLN_USD","A","2017",5262254.967,
"JPN","GDP","TOT","MLN_USD","A","2018",5344060.937,
"JPN","GDP","TOT","MLN_USD","A","2019",5352898.847,
"JPN","GDP","TOT","MLN_USD","A","2020",5263052.866,
"JPN","GDP","TOT","MLN_USD","A","2021",5383426.681,
"JPN","GDP","TOT","MLN_USD","A","2022",5703678.329,"E"
"KOR","GDP","TOT","MLN_USD","A","1995",608871.842,
"KOR","GDP","TOT","MLN_USD","A","1996",668944.044,
"KOR","GDP","TOT","MLN_USD","A","1997",722468.659,
"KOR","GDP","TOT","MLN_USD","A","1998",693124.625,
"KOR","GDP","TOT","MLN_USD","A","1999",783492.526,
"KOR","GDP","TOT","MLN_USD","A","2000",871475.638,
"KOR","GDP","TOT","MLN_USD","A","2001",934349.292,
"KOR","GDP","TOT","MLN_USD","A","2002",1019446.686,
"KOR","GDP","TOT","MLN_USD","A","2003",1058222.737,
"KOR","GDP","TOT","MLN_USD","A","2004",1143105.568,
"KOR","GDP","TOT","MLN_USD","A","2005",1213618.157,
"KOR","GDP","TOT","MLN_USD","A","2006",1302227.991,
"KOR","GDP","TOT","MLN_USD","A","2007",1414985.951,
"KOR","GDP","TOT","MLN_USD","A","2008",1468996.086,
"KOR","GDP","TOT","MLN_USD","A","2009",1454994.406,
"KOR","GDP","TOT","MLN_USD","A","2010",1572680.44,
"KOR","GDP","TOT","MLN_USD","A","2011",1625275.456,
"KOR","GDP","TOT","MLN_USD","A","2012",1684562.928,
"KOR","GDP","TOT","MLN_USD","A","2013",1726902.753,
"KOR","GDP","TOT","MLN_USD","A","2014",1792600.237,
"KOR","GDP","TOT","MLN_USD","A","2015",1933588.947,
"KOR","GDP","TOT","MLN_USD","A","2016",2026967.822,
"KOR","GDP","TOT","MLN_USD","A","2017",2103651.26,
"KOR","GDP","TOT","MLN_USD","A","2018",2220442.286,
"KOR","GDP","TOT","MLN_USD","A","2019",2247126.568,
"KOR","GDP","TOT","MLN_USD","A","2020",2316806.899,
"KOR","GDP","TOT","MLN_USD","A","2021",2435555.581,
"KOR","GDP","TOT","MLN_USD","A","2022",2598470.913,"P"
"LUX","GDP","TOT","MLN_USD","A","1995",15669.59,
"LUX","GDP","TOT","MLN_USD","A","1996",16453.574,
"LUX","GDP","TOT","MLN_USD","A","1997",17820.545,
"LUX","GDP","TOT","MLN_USD","A","1998",18800.83,
"LUX","GDP","TOT","MLN_USD","A","1999",21456.896,
"LUX","GDP","TOT","MLN_USD","A","2000",24052.309,
"LUX","GDP","TOT","MLN_USD","A","2001",24785.439,
"LUX","GDP","TOT","MLN_USD","A","2002",26135.007,
"LUX","GDP","TOT","MLN_USD","A","2003",27187.931,
"LUX","GDP","TOT","MLN_USD","A","2004",29635.51,
"LUX","GDP","TOT","MLN_USD","A","2005",31997.214,
"LUX","GDP","TOT","MLN_USD","A","2006",37278.487,
"LUX","GDP","TOT","MLN_USD","A","2007",40857.327,
"LUX","GDP","TOT","MLN_USD","A","2008",44452.835,
"LUX","GDP","TOT","MLN_USD","A","2009",43245.758,
"LUX","GDP","TOT","MLN_USD","A","2010",45806.816,
"LUX","GDP","TOT","MLN_USD","A","2011",48970.83,
"LUX","GDP","TOT","MLN_USD","A","2012",51308.749,
"LUX","GDP","TOT","MLN_USD","A","2013",54838.627,
"LUX","GDP","TOT","MLN_USD","A","2014",58578.312,
"LUX","GDP","TOT","MLN_USD","A","2015",61437.294,
"LUX","GDP","TOT","MLN_USD","A","2016",65980.114,
"LUX","GDP","TOT","MLN_USD","A","2017",68570.173,
"LUX","GDP","TOT","MLN_USD","A","2018",70825.278,
"LUX","GDP","TOT","MLN_USD","A","2019",74184.82,
"LUX","GDP","TOT","MLN_USD","A","2020",75356.892,
"LUX","GDP","TOT","MLN_USD","A","2021",84252.097,
"LUX","GDP","TOT","MLN_USD","A","2022",91837.052,
"MEX","GDP","TOT","MLN_USD","A","1995",777809.434,
"MEX","GDP","TOT","MLN_USD","A","1996",845698.562,
"MEX","GDP","TOT","MLN_USD","A","1997",919184.017,
"MEX","GDP","TOT","MLN_USD","A","1998",977530.109,
"MEX","GDP","TOT","MLN_USD","A","1999",1018601.794,
"MEX","GDP","TOT","MLN_USD","A","2000",1096748.815,
"MEX","GDP","TOT","MLN_USD","A","2001",1116922.396,
"MEX","GDP","TOT","MLN_USD","A","2002",1137595.967,
"MEX","GDP","TOT","MLN_USD","A","2003",1184225.321,
"MEX","GDP","TOT","MLN_USD","A","2004",1263689.079,
"MEX","GDP","TOT","MLN_USD","A","2005",1341775.456,
"MEX","GDP","TOT","MLN_USD","A","2006",1485717.873,
"MEX","GDP","TOT","MLN_USD","A","2007",1560834.849,
"MEX","GDP","TOT","MLN_USD","A","2008",1653898.19,
"MEX","GDP","TOT","MLN_USD","A","2009",1636084.571,
"MEX","GDP","TOT","MLN_USD","A","2010",1740490.338,
"MEX","GDP","TOT","MLN_USD","A","2011",1911319.096,
"MEX","GDP","TOT","MLN_USD","A","2012",2012767.781,
"MEX","GDP","TOT","MLN_USD","A","2013",2064490.947,
"MEX","GDP","TOT","MLN_USD","A","2014",2173227.412,
"MEX","GDP","TOT","MLN_USD","A","2015",2230188.94,
"MEX","GDP","TOT","MLN_USD","A","2016",2383253.082,
"MEX","GDP","TOT","MLN_USD","A","2017",2460766.096,
"MEX","GDP","TOT","MLN_USD","A","2018",2535949.668,
"MEX","GDP","TOT","MLN_USD","A","2019",2529761.704,
"MEX","GDP","TOT","MLN_USD","A","2020",2333740.769,"P"
"MEX","GDP","TOT","MLN_USD","A","2021",2480684.356,"P"
"MEX","GDP","TOT","MLN_USD","A","2022",2757080.197,"E"
"NLD","GDP","TOT","MLN_USD","A","1995",362467.06,
"NLD","GDP","TOT","MLN_USD","A","1996",380738.473,
"NLD","GDP","TOT","MLN_USD","A","1997",406142.052,
"NLD","GDP","TOT","MLN_USD","A","1998",435240.558,
"NLD","GDP","TOT","MLN_USD","A","1999",462796.455,
"NLD","GDP","TOT","MLN_USD","A","2000",507657.002,
"NLD","GDP","TOT","MLN_USD","A","2001",532517.225,
"NLD","GDP","TOT","MLN_USD","A","2002",556285.465,
"NLD","GDP","TOT","MLN_USD","A","2003",554115.941,
"NLD","GDP","TOT","MLN_USD","A","2004",583050.276,
"NLD","GDP","TOT","MLN_USD","A","2005",614044.12,
"NLD","GDP","TOT","MLN_USD","A","2006",670372.239,
"NLD","GDP","TOT","MLN_USD","A","2007",719889.129,
"NLD","GDP","TOT","MLN_USD","A","2008",763407.575,
"NLD","GDP","TOT","MLN_USD","A","2009",736551.017,
"NLD","GDP","TOT","MLN_USD","A","2010",748383.899,
"NLD","GDP","TOT","MLN_USD","A","2011",777880.907,
"NLD","GDP","TOT","MLN_USD","A","2012",792041.828,
"NLD","GDP","TOT","MLN_USD","A","2013",827475.788,
"NLD","GDP","TOT","MLN_USD","A","2014",830318.43,
"NLD","GDP","TOT","MLN_USD","A","2015",851884.697,
"NLD","GDP","TOT","MLN_USD","A","2016",890488.555,
"NLD","GDP","TOT","MLN_USD","A","2017",943739.619,
"NLD","GDP","TOT","MLN_USD","A","2018",996447.288,
"NLD","GDP","TOT","MLN_USD","A","2019",1044307.685,
"NLD","GDP","TOT","MLN_USD","A","2020",1043402.526,
"NLD","GDP","TOT","MLN_USD","A","2021",1130684.908,
"NLD","GDP","TOT","MLN_USD","A","2022",1254458.771,"P"
"NZL","GDP","TOT","MLN_USD","A","1995",65673.261,
"NZL","GDP","TOT","MLN_USD","A","1996",68806.617,
"NZL","GDP","TOT","MLN_USD","A","1997",72317.629,
"NZL","GDP","TOT","MLN_USD","A","1998",73702.347,
"NZL","GDP","TOT","MLN_USD","A","1999",78923.926,
"NZL","GDP","TOT","MLN_USD","A","2000",82948.279,
"NZL","GDP","TOT","MLN_USD","A","2001",87413.804,
"NZL","GDP","TOT","MLN_USD","A","2002",92024.858,
"NZL","GDP","TOT","MLN_USD","A","2003",96612.844,
"NZL","GDP","TOT","MLN_USD","A","2004",102609.792,
"NZL","GDP","TOT","MLN_USD","A","2005",106147.849,
"NZL","GDP","TOT","MLN_USD","A","2006",116050.482,
"NZL","GDP","TOT","MLN_USD","A","2007",123894.65,
"NZL","GDP","TOT","MLN_USD","A","2008",127057.687,
"NZL","GDP","TOT","MLN_USD","A","2009",131998.908,
"NZL","GDP","TOT","MLN_USD","A","2010",135849.502,
"NZL","GDP","TOT","MLN_USD","A","2011",143362.869,
"NZL","GDP","TOT","MLN_USD","A","2012",145417.047,
"NZL","GDP","TOT","MLN_USD","A","2013",160992.629,
"NZL","GDP","TOT","MLN_USD","A","2014",168435.427,
"NZL","GDP","TOT","MLN_USD","A","2015",172758.809,
"NZL","GDP","TOT","MLN_USD","A","2016",188250.858,
"NZL","GDP","TOT","MLN_USD","A","2017",203156.734,
"NZL","GDP","TOT","MLN_USD","A","2018",208311.966,
"NZL","GDP","TOT","MLN_USD","A","2019",228165.068,
"NZL","GDP","TOT","MLN_USD","A","2020",231699.786,
"NZL","GDP","TOT","MLN_USD","A","2021",245363.98,
"NZL","GDP","TOT","MLN_USD","A","2022",264787.636,"E"
"NOR","GDP","TOT","MLN_USD","A","1995",106196.986,
"NOR","GDP","TOT","MLN_USD","A","1996",117532.392,
"NOR","GDP","TOT","MLN_USD","A","1997",126025.32,
"NOR","GDP","TOT","MLN_USD","A","1998",124964.108,
"NOR","GDP","TOT","MLN_USD","A","1999",136417.339,
"NOR","GDP","TOT","MLN_USD","A","2000",166116.067,
"NOR","GDP","TOT","MLN_USD","A","2001",170753.203,
"NOR","GDP","TOT","MLN_USD","A","2002",172705.278,
"NOR","GDP","TOT","MLN_USD","A","2003",176589.245,
"NOR","GDP","TOT","MLN_USD","A","2004",195945.827,
"NOR","GDP","TOT","MLN_USD","A","2005",221764.78,
"NOR","GDP","TOT","MLN_USD","A","2006",253382.384,
"NOR","GDP","TOT","MLN_USD","A","2007",264539.753,
"NOR","GDP","TOT","MLN_USD","A","2008",295976.05,
"NOR","GDP","TOT","MLN_USD","A","2009",268577.776,
"NOR","GDP","TOT","MLN_USD","A","2010",284685.067,
"NOR","GDP","TOT","MLN_USD","A","2011",309370.337,
"NOR","GDP","TOT","MLN_USD","A","2012",330093.373,
"NOR","GDP","TOT","MLN_USD","A","2013",342254.475,
"NOR","GDP","TOT","MLN_USD","A","2014",340765.256,
"NOR","GDP","TOT","MLN_USD","A","2015",315145.02,
"NOR","GDP","TOT","MLN_USD","A","2016",310303.322,
"NOR","GDP","TOT","MLN_USD","A","2017",340837.014,
"NOR","GDP","TOT","MLN_USD","A","2018",373182.531,
"NOR","GDP","TOT","MLN_USD","A","2019",373905.514,
"NOR","GDP","TOT","MLN_USD","A","2020",350366.117,
"NOR","GDP","TOT","MLN_USD","A","2021",442761.845,
"NOR","GDP","TOT","MLN_USD","A","2022",627184.974,
"POL","GDP","TOT","MLN_USD","A","1995",296624.508,
"POL","GDP","TOT","MLN_USD","A","1996",319735.682,
"POL","GDP","TOT","MLN_USD","A","1997",345396.777,
"POL","GDP","TOT","MLN_USD","A","1998",366838.044,
"POL","GDP","TOT","MLN_USD","A","1999",388183.91,
"POL","GDP","TOT","MLN_USD","A","2000",408379.539,
"POL","GDP","TOT","MLN_USD","A","2001",425389.354,
"POL","GDP","TOT","MLN_USD","A","2002",451281.404,
"POL","GDP","TOT","MLN_USD","A","2003",469499.123,
"POL","GDP","TOT","MLN_USD","A","2004",509876.065,
"POL","GDP","TOT","MLN_USD","A","2005",530377.339,
"POL","GDP","TOT","MLN_USD","A","2006",577892.055,
"POL","GDP","TOT","MLN_USD","A","2007",640614.487,
"POL","GDP","TOT","MLN_USD","A","2008",697829.214,
"POL","GDP","TOT","MLN_USD","A","2009",734041.846,
"POL","GDP","TOT","MLN_USD","A","2010",794704.641,
"POL","GDP","TOT","MLN_USD","A","2011",862451.786,
"POL","GDP","TOT","MLN_USD","A","2012",897877.763,
"POL","GDP","TOT","MLN_USD","A","2013",925133.245,
"POL","GDP","TOT","MLN_USD","A","2014",962317.654,
"POL","GDP","TOT","MLN_USD","A","2015",1018896.563,
"POL","GDP","TOT","MLN_USD","A","2016",1069459.06,
"POL","GDP","TOT","MLN_USD","A","2017",1137654.148,
"POL","GDP","TOT","MLN_USD","A","2018",1216240.494,
"POL","GDP","TOT","MLN_USD","A","2019",1327882.052,
"POL","GDP","TOT","MLN_USD","A","2020",1338432.734,
"POL","GDP","TOT","MLN_USD","A","2021",1443514.646,
"POL","GDP","TOT","MLN_USD","A","2022",1625114.218,
"PRT","GDP","TOT","MLN_USD","A","1995",144448.129,
"PRT","GDP","TOT","MLN_USD","A","1996",150170.881,
"PRT","GDP","TOT","MLN_USD","A","1997",159607.267,
"PRT","GDP","TOT","MLN_USD","A","1998",169547.717,
"PRT","GDP","TOT","MLN_USD","A","1999",181041.019,
"PRT","GDP","TOT","MLN_USD","A","2000",194276.438,
"PRT","GDP","TOT","MLN_USD","A","2001",202369.951,
"PRT","GDP","TOT","MLN_USD","A","2002",212108.896,
"PRT","GDP","TOT","MLN_USD","A","2003",218088.817,
"PRT","GDP","TOT","MLN_USD","A","2004",225171.888,
"PRT","GDP","TOT","MLN_USD","A","2005",238691.186,
"PRT","GDP","TOT","MLN_USD","A","2006",259701.897,
"PRT","GDP","TOT","MLN_USD","A","2007",271337.567,
"PRT","GDP","TOT","MLN_USD","A","2008",281542.549,
"PRT","GDP","TOT","MLN_USD","A","2009",279627.039,
"PRT","GDP","TOT","MLN_USD","A","2010",288228.565,
"PRT","GDP","TOT","MLN_USD","A","2011",282620.91,
"PRT","GDP","TOT","MLN_USD","A","2012",277991.759,
"PRT","GDP","TOT","MLN_USD","A","2013",292135.199,
"PRT","GDP","TOT","MLN_USD","A","2014",298951.673,
"PRT","GDP","TOT","MLN_USD","A","2015",307230.008,
"PRT","GDP","TOT","MLN_USD","A","2016",326364.379,
"PRT","GDP","TOT","MLN_USD","A","2017",340370.325,
"PRT","GDP","TOT","MLN_USD","A","2018",359198.932,
"PRT","GDP","TOT","MLN_USD","A","2019",383670.579,
"PRT","GDP","TOT","MLN_USD","A","2020",359941.428,
"PRT","GDP","TOT","MLN_USD","A","2021",380604.427,
"PRT","GDP","TOT","MLN_USD","A","2022",435778.702,"P"
"SVK","GDP","TOT","MLN_USD","A","1995",46638.124,
"SVK","GDP","TOT","MLN_USD","A","1996",50549.784,
"SVK","GDP","TOT","MLN_USD","A","1997",54296.453,
"SVK","GDP","TOT","MLN_USD","A","1998",57264.863,
"SVK","GDP","TOT","MLN_USD","A","1999",57813.884,
"SVK","GDP","TOT","MLN_USD","A","2000",61316.923,
"SVK","GDP","TOT","MLN_USD","A","2001",66635.32,
"SVK","GDP","TOT","MLN_USD","A","2002",71578.565,
"SVK","GDP","TOT","MLN_USD","A","2003",76204.249,
"SVK","GDP","TOT","MLN_USD","A","2004",81800.574,
"SVK","GDP","TOT","MLN_USD","A","2005",89400.317,
"SVK","GDP","TOT","MLN_USD","A","2006",101619.588,
"SVK","GDP","TOT","MLN_USD","A","2007",114076.705,
"SVK","GDP","TOT","MLN_USD","A","2008",127626.827,
"SVK","GDP","TOT","MLN_USD","A","2009",124322.665,
"SVK","GDP","TOT","MLN_USD","A","2010",136951.599,
"SVK","GDP","TOT","MLN_USD","A","2011",141755.313,
"SVK","GDP","TOT","MLN_USD","A","2012",145972.536,
"SVK","GDP","TOT","MLN_USD","A","2013",151678.246,
"SVK","GDP","TOT","MLN_USD","A","2014",157298.526,
"SVK","GDP","TOT","MLN_USD","A","2015",163007.449,
"SVK","GDP","TOT","MLN_USD","A","2016",161498.697,
"SVK","GDP","TOT","MLN_USD","A","2017",163951.2,
"SVK","GDP","TOT","MLN_USD","A","2018",170864.165,
"SVK","GDP","TOT","MLN_USD","A","2019",182461.859,
"SVK","GDP","TOT","MLN_USD","A","2020",179720.165,
"SVK","GDP","TOT","MLN_USD","A","2021",187958.995,
"SVK","GDP","TOT","MLN_USD","A","2022",203458.07,
"ESP","GDP","TOT","MLN_USD","A","1995",647039.561,
"ESP","GDP","TOT","MLN_USD","A","1996",677321.47,
"ESP","GDP","TOT","MLN_USD","A","1997",717536.622,
"ESP","GDP","TOT","MLN_USD","A","1998",768150.775,
"ESP","GDP","TOT","MLN_USD","A","1999",805891.27,
"ESP","GDP","TOT","MLN_USD","A","2000",875796.113,
"ESP","GDP","TOT","MLN_USD","A","2001",937663.114,
"ESP","GDP","TOT","MLN_USD","A","2002",1009753.34,
"ESP","GDP","TOT","MLN_USD","A","2003",1056690.246,
"ESP","GDP","TOT","MLN_USD","A","2004",1122140.551,
"ESP","GDP","TOT","MLN_USD","A","2005",1205129.038,
"ESP","GDP","TOT","MLN_USD","A","2006",1363807.168,
"ESP","GDP","TOT","MLN_USD","A","2007",1468679.228,
"ESP","GDP","TOT","MLN_USD","A","2008",1528583.756,
"ESP","GDP","TOT","MLN_USD","A","2009",1487912.773,
"ESP","GDP","TOT","MLN_USD","A","2010",1475606.419,
"ESP","GDP","TOT","MLN_USD","A","2011",1489594.952,
"ESP","GDP","TOT","MLN_USD","A","2012",1483654.097,
"ESP","GDP","TOT","MLN_USD","A","2013",1512561.983,
"ESP","GDP","TOT","MLN_USD","A","2014",1558986.389,
"ESP","GDP","TOT","MLN_USD","A","2015",1621825.009,
"ESP","GDP","TOT","MLN_USD","A","2016",1734116.161,
"ESP","GDP","TOT","MLN_USD","A","2017",1842770.464,
"ESP","GDP","TOT","MLN_USD","A","2018",1905450.021,
"ESP","GDP","TOT","MLN_USD","A","2019",2031924.567,
"ESP","GDP","TOT","MLN_USD","A","2020",1800971.277,
"ESP","GDP","TOT","MLN_USD","A","2021",1952698.504,"P"
"ESP","GDP","TOT","MLN_USD","A","2022",2213649.038,"P"
"SWE","GDP","TOT","MLN_USD","A","1995",203965.736,
"SWE","GDP","TOT","MLN_USD","A","1996",211601.427,
"SWE","GDP","TOT","MLN_USD","A","1997",219433.349,
"SWE","GDP","TOT","MLN_USD","A","1998",229137.896,
"SWE","GDP","TOT","MLN_USD","A","1999",243339.592,
"SWE","GDP","TOT","MLN_USD","A","2000",262827.28,
"SWE","GDP","TOT","MLN_USD","A","2001",266285.833,
"SWE","GDP","TOT","MLN_USD","A","2002",276017.772,
"SWE","GDP","TOT","MLN_USD","A","2003",285019.213,
"SWE","GDP","TOT","MLN_USD","A","2004",304510.21,
"SWE","GDP","TOT","MLN_USD","A","2005",309212.867,
"SWE","GDP","TOT","MLN_USD","A","2006",342586.778,
"SWE","GDP","TOT","MLN_USD","A","2007",374251.411,
"SWE","GDP","TOT","MLN_USD","A","2008",388684.19,
"SWE","GDP","TOT","MLN_USD","A","2009",374543.038,
"SWE","GDP","TOT","MLN_USD","A","2010",395960.987,
"SWE","GDP","TOT","MLN_USD","A","2011",421515.998,
"SWE","GDP","TOT","MLN_USD","A","2012",432488.303,
"SWE","GDP","TOT","MLN_USD","A","2013",444616.544,
"SWE","GDP","TOT","MLN_USD","A","2014",457507.758,
"SWE","GDP","TOT","MLN_USD","A","2015",481170.723,
"SWE","GDP","TOT","MLN_USD","A","2016",500423.665,
"SWE","GDP","TOT","MLN_USD","A","2017",522476.825,
"SWE","GDP","TOT","MLN_USD","A","2018",544594.071,
"SWE","GDP","TOT","MLN_USD","A","2019",579773.396,
"SWE","GDP","TOT","MLN_USD","A","2020",581247.942,
"SWE","GDP","TOT","MLN_USD","A","2021",629080.783,
"SWE","GDP","TOT","MLN_USD","A","2022",683297.098,
"CHE","GDP","TOT","MLN_USD","A","1995",217158.85,
"CHE","GDP","TOT","MLN_USD","A","1996",222825.241,
"CHE","GDP","TOT","MLN_USD","A","1997",232048.157,
"CHE","GDP","TOT","MLN_USD","A","1998",240735.218,
"CHE","GDP","TOT","MLN_USD","A","1999",248201.012,
"CHE","GDP","TOT","MLN_USD","A","2000",263644.954,
"CHE","GDP","TOT","MLN_USD","A","2001",273425.897,
"CHE","GDP","TOT","MLN_USD","A","2002",281956.01,
"CHE","GDP","TOT","MLN_USD","A","2003",284291.816,
"CHE","GDP","TOT","MLN_USD","A","2004",296883.011,
"CHE","GDP","TOT","MLN_USD","A","2005",308825.1,
"CHE","GDP","TOT","MLN_USD","A","2006",346303.02,
"CHE","GDP","TOT","MLN_USD","A","2007",384535.816,
"CHE","GDP","TOT","MLN_USD","A","2008",411512.115,
"CHE","GDP","TOT","MLN_USD","A","2009",410217.657,
"CHE","GDP","TOT","MLN_USD","A","2010",425979.998,
"CHE","GDP","TOT","MLN_USD","A","2011",454911.977,
"CHE","GDP","TOT","MLN_USD","A","2012",475340.888,
"CHE","GDP","TOT","MLN_USD","A","2013",498760.658,
"CHE","GDP","TOT","MLN_USD","A","2014",519299.875,
"CHE","GDP","TOT","MLN_USD","A","2015",540550.996,
"CHE","GDP","TOT","MLN_USD","A","2016",563950.47,
"CHE","GDP","TOT","MLN_USD","A","2017",576360.576,
"CHE","GDP","TOT","MLN_USD","A","2018",601868.008,
"CHE","GDP","TOT","MLN_USD","A","2019",623154.669,
"CHE","GDP","TOT","MLN_USD","A","2020",613400.095,
"CHE","GDP","TOT","MLN_USD","A","2021",671828.623,"P"
"CHE","GDP","TOT","MLN_USD","A","2022",742867.762,"P"
"TUR","GDP","TOT","MLN_USD","A","1995",604220.505,"E"
"TUR","GDP","TOT","MLN_USD","A","1996",657184.741,"E"
"TUR","GDP","TOT","MLN_USD","A","1997",717485.353,"E"
"TUR","GDP","TOT","MLN_USD","A","1998",558277.47,
"TUR","GDP","TOT","MLN_USD","A","1999",546532.203,
"TUR","GDP","TOT","MLN_USD","A","2000",609051.499,
"TUR","GDP","TOT","MLN_USD","A","2001",595834.125,
"TUR","GDP","TOT","MLN_USD","A","2002",612446.634,
"TUR","GDP","TOT","MLN_USD","A","2003",641094.176,
"TUR","GDP","TOT","MLN_USD","A","2004",735769.103,
"TUR","GDP","TOT","MLN_USD","A","2005",815102.371,
"TUR","GDP","TOT","MLN_USD","A","2006",945237,
"TUR","GDP","TOT","MLN_USD","A","2007",1042895.517,
"TUR","GDP","TOT","MLN_USD","A","2008",1139548.435,
"TUR","GDP","TOT","MLN_USD","A","2009",1112482.011,
"TUR","GDP","TOT","MLN_USD","A","2010",1268708.962,
"TUR","GDP","TOT","MLN_USD","A","2011",1454111.872,
"TUR","GDP","TOT","MLN_USD","A","2012",1550688.484,
"TUR","GDP","TOT","MLN_USD","A","2013",1703669.602,
"TUR","GDP","TOT","MLN_USD","A","2014",1860470.92,
"TUR","GDP","TOT","MLN_USD","A","2015",2022397.778,
"TUR","GDP","TOT","MLN_USD","A","2016",2116398.303,
"TUR","GDP","TOT","MLN_USD","A","2017",2264269.34,
"TUR","GDP","TOT","MLN_USD","A","2018",2302309.895,
"TUR","GDP","TOT","MLN_USD","A","2019",2313147.025,
"TUR","GDP","TOT","MLN_USD","A","2020",2332603.593,
"TUR","GDP","TOT","MLN_USD","A","2021",2581588.441,
"TUR","GDP","TOT","MLN_USD","A","2022",3180983.731,"P"
"GBR","GDP","TOT","MLN_USD","A","1995",1194943.234,
"GBR","GDP","TOT","MLN_USD","A","1996",1276538.081,
"GBR","GDP","TOT","MLN_USD","A","1997",1345336.445,
"GBR","GDP","TOT","MLN_USD","A","1998",1385466.669,
"GBR","GDP","TOT","MLN_USD","A","1999",1437339.336,
"GBR","GDP","TOT","MLN_USD","A","2000",1562511.622,
"GBR","GDP","TOT","MLN_USD","A","2001",1650185.853,
"GBR","GDP","TOT","MLN_USD","A","2002",1727032.129,
"GBR","GDP","TOT","MLN_USD","A","2003",1808359.34,
"GBR","GDP","TOT","MLN_USD","A","2004",1922897.629,
"GBR","GDP","TOT","MLN_USD","A","2005",1976697.868,
"GBR","GDP","TOT","MLN_USD","A","2006",2113380.961,
"GBR","GDP","TOT","MLN_USD","A","2007",2178156.413,
"GBR","GDP","TOT","MLN_USD","A","2008",2271084.657,
"GBR","GDP","TOT","MLN_USD","A","2009",2181207.601,
"GBR","GDP","TOT","MLN_USD","A","2010",2290476,
"GBR","GDP","TOT","MLN_USD","A","2011",2354769.787,
"GBR","GDP","TOT","MLN_USD","A","2012",2442463.44,
"GBR","GDP","TOT","MLN_USD","A","2013",2562195.165,
"GBR","GDP","TOT","MLN_USD","A","2014",2666663.773,
"GBR","GDP","TOT","MLN_USD","A","2015",2767234.195,
"GBR","GDP","TOT","MLN_USD","A","2016",2892299.174,
"GBR","GDP","TOT","MLN_USD","A","2017",3041891.843,
"GBR","GDP","TOT","MLN_USD","A","2018",3129647.768,
"GBR","GDP","TOT","MLN_USD","A","2019",3287761.88,
"GBR","GDP","TOT","MLN_USD","A","2020",3069412.013,
"GBR","GDP","TOT","MLN_USD","A","2021",3375529.345,
"GBR","GDP","TOT","MLN_USD","A","2022",3678729.617,
"USA","GDP","TOT","MLN_USD","A","1995",7639749,
"USA","GDP","TOT","MLN_USD","A","1996",8073122,
"USA","GDP","TOT","MLN_USD","A","1997",8577552,
"USA","GDP","TOT","MLN_USD","A","1998",9062817,
"USA","GDP","TOT","MLN_USD","A","1999",9631172,
"USA","GDP","TOT","MLN_USD","A","2000",10250952,
"USA","GDP","TOT","MLN_USD","A","2001",10581929,
"USA","GDP","TOT","MLN_USD","A","2002",10929108,
"USA","GDP","TOT","MLN_USD","A","2003",11456450,
"USA","GDP","TOT","MLN_USD","A","2004",12217196,
"USA","GDP","TOT","MLN_USD","A","2005",13039197,
"USA","GDP","TOT","MLN_USD","A","2006",13815583,
"USA","GDP","TOT","MLN_USD","A","2007",14474228,
"USA","GDP","TOT","MLN_USD","A","2008",14769862,
"USA","GDP","TOT","MLN_USD","A","2009",14478067,
"USA","GDP","TOT","MLN_USD","A","2010",15048970,
"USA","GDP","TOT","MLN_USD","A","2011",15599731,
"USA","GDP","TOT","MLN_USD","A","2012",16253970,
"USA","GDP","TOT","MLN_USD","A","2013",16843196,
"USA","GDP","TOT","MLN_USD","A","2014",17550687,
"USA","GDP","TOT","MLN_USD","A","2015",18206023,
"USA","GDP","TOT","MLN_USD","A","2016",18695106,
"USA","GDP","TOT","MLN_USD","A","2017",19477337,
"USA","GDP","TOT","MLN_USD","A","2018",20533058,
"USA","GDP","TOT","MLN_USD","A","2019",21380976,
"USA","GDP","TOT","MLN_USD","A","2020",21060474,
"USA","GDP","TOT","MLN_USD","A","2021",23315081,
"USA","GDP","TOT","MLN_USD","A","2022",25439700,"E"
"CHL","GDP","TOT","MLN_USD","A","1995",106355.374,"E"
"CHL","GDP","TOT","MLN_USD","A","1996",116331.735,
"CHL","GDP","TOT","MLN_USD","A","1997",127084.951,
"CHL","GDP","TOT","MLN_USD","A","1998",133888.458,
"CHL","GDP","TOT","MLN_USD","A","1999",135403.693,
"CHL","GDP","TOT","MLN_USD","A","2000",145355.727,
"CHL","GDP","TOT","MLN_USD","A","2001",153318.32,
"CHL","GDP","TOT","MLN_USD","A","2002",160694.76,
"CHL","GDP","TOT","MLN_USD","A","2003",171606.231,
"CHL","GDP","TOT","MLN_USD","A","2004",187973.663,
"CHL","GDP","TOT","MLN_USD","A","2005",205184.272,
"CHL","GDP","TOT","MLN_USD","A","2006",256070.328,
"CHL","GDP","TOT","MLN_USD","A","2007",278373.991,
"CHL","GDP","TOT","MLN_USD","A","2008",275754.676,
"CHL","GDP","TOT","MLN_USD","A","2009",271327.841,
"CHL","GDP","TOT","MLN_USD","A","2010",307855.67,
"CHL","GDP","TOT","MLN_USD","A","2011",349147.748,
"CHL","GDP","TOT","MLN_USD","A","2012",374316.6,
"CHL","GDP","TOT","MLN_USD","A","2013",392670.388,
"CHL","GDP","TOT","MLN_USD","A","2014",402902.197,
"CHL","GDP","TOT","MLN_USD","A","2015",405499.68,
"CHL","GDP","TOT","MLN_USD","A","2016",424831.691,
"CHL","GDP","TOT","MLN_USD","A","2017",450891.85,
"CHL","GDP","TOT","MLN_USD","A","2018",478093.905,
"CHL","GDP","TOT","MLN_USD","A","2019",487414.485,
"CHL","GDP","TOT","MLN_USD","A","2020",481373.694,
"CHL","GDP","TOT","MLN_USD","A","2021",552379.782,
"CHL","GDP","TOT","MLN_USD","A","2022",592205.358,
"CHN","GDP","TOT","MLN_USD","A","1995",2241663.241,
"CHN","GDP","TOT","MLN_USD","A","1996",2509208.921,
"CHN","GDP","TOT","MLN_USD","A","1997",2788244.919,
"CHN","GDP","TOT","MLN_USD","A","1998",3040855.6,
"CHN","GDP","TOT","MLN_USD","A","1999",3319972.484,
"CHN","GDP","TOT","MLN_USD","A","2000",3683440.252,
"CHN","GDP","TOT","MLN_USD","A","2001",4080386.422,
"CHN","GDP","TOT","MLN_USD","A","2002",4522476.428,
"CHN","GDP","TOT","MLN_USD","A","2003",5074658.797,
"CHN","GDP","TOT","MLN_USD","A","2004",5737895.201,
"CHN","GDP","TOT","MLN_USD","A","2005",6592135.857,
"CHN","GDP","TOT","MLN_USD","A","2006",7660000.527,
"CHN","GDP","TOT","MLN_USD","A","2007",8986556.087,
"CHN","GDP","TOT","MLN_USD","A","2008",10042809.899,
"CHN","GDP","TOT","MLN_USD","A","2009",11057124.917,
"CHN","GDP","TOT","MLN_USD","A","2010",12380166.279,
"CHN","GDP","TOT","MLN_USD","A","2011",13844365.747,
"CHN","GDP","TOT","MLN_USD","A","2012",15124539.502,
"CHN","GDP","TOT","MLN_USD","A","2013",16185062.522,
"CHN","GDP","TOT","MLN_USD","A","2014",17121277.096,
"CHN","GDP","TOT","MLN_USD","A","2015",17796747.039,
"CHN","GDP","TOT","MLN_USD","A","2016",18712097.153,
"CHN","GDP","TOT","MLN_USD","A","2017",19887035.113,
"CHN","GDP","TOT","MLN_USD","A","2018",21736534.82,
"CHN","GDP","TOT","MLN_USD","A","2019",23441908.773,
"CHN","GDP","TOT","MLN_USD","A","2020",24255795.538,
"CHN","GDP","TOT","MLN_USD","A","2021",27445503.77,
"CHN","GDP","TOT","MLN_USD","A","2022",30090699.886,
"COL","GDP","TOT","MLN_USD","A","1995",235604.405,"E"
"COL","GDP","TOT","MLN_USD","A","1996",243728.279,"E"
"COL","GDP","TOT","MLN_USD","A","1997",255851.335,"E"
"COL","GDP","TOT","MLN_USD","A","1998",260294.469,"E"
"COL","GDP","TOT","MLN_USD","A","1999",250260.312,"E"
"COL","GDP","TOT","MLN_USD","A","2000",262505.613,"E"
"COL","GDP","TOT","MLN_USD","A","2001",272923.486,"E"
"COL","GDP","TOT","MLN_USD","A","2002",284117.115,"E"
"COL","GDP","TOT","MLN_USD","A","2003",301077.682,"E"
"COL","GDP","TOT","MLN_USD","A","2004",325646.983,"E"
"COL","GDP","TOT","MLN_USD","A","2005",351665.953,
"COL","GDP","TOT","MLN_USD","A","2006",386866.635,
"COL","GDP","TOT","MLN_USD","A","2007",424094.282,
"COL","GDP","TOT","MLN_USD","A","2008",446420.184,
"COL","GDP","TOT","MLN_USD","A","2009",454401.715,
"COL","GDP","TOT","MLN_USD","A","2010",480532.035,
"COL","GDP","TOT","MLN_USD","A","2011",524596.546,
"COL","GDP","TOT","MLN_USD","A","2012",548251.361,
"COL","GDP","TOT","MLN_USD","A","2013",585888.316,
"COL","GDP","TOT","MLN_USD","A","2014",618792.732,
"COL","GDP","TOT","MLN_USD","A","2015",624119.465,
"COL","GDP","TOT","MLN_USD","A","2016",665398.39,
"COL","GDP","TOT","MLN_USD","A","2017",693117.075,
"COL","GDP","TOT","MLN_USD","A","2018",747103.675,
"COL","GDP","TOT","MLN_USD","A","2019",796590.015,
"COL","GDP","TOT","MLN_USD","A","2020",769209.548,"P"
"COL","GDP","TOT","MLN_USD","A","2021",881190.92,"P"
"COL","GDP","TOT","MLN_USD","A","2022",1051418.088,"E"
"EST","GDP","TOT","MLN_USD","A","1995",9309.409,
"EST","GDP","TOT","MLN_USD","A","1996",9755.854,
"EST","GDP","TOT","MLN_USD","A","1997",11167.404,
"EST","GDP","TOT","MLN_USD","A","1998",11714.097,
"EST","GDP","TOT","MLN_USD","A","1999",11694.818,
"EST","GDP","TOT","MLN_USD","A","2000",13163.947,
"EST","GDP","TOT","MLN_USD","A","2001",14320.132,
"EST","GDP","TOT","MLN_USD","A","2002",16087.747,
"EST","GDP","TOT","MLN_USD","A","2003",18001.981,
"EST","GDP","TOT","MLN_USD","A","2004",19806.609,
"EST","GDP","TOT","MLN_USD","A","2005",22536.556,
"EST","GDP","TOT","MLN_USD","A","2006",26052.778,
"EST","GDP","TOT","MLN_USD","A","2007",29760.437,
"EST","GDP","TOT","MLN_USD","A","2008",30488.762,
"EST","GDP","TOT","MLN_USD","A","2009",27328.306,
"EST","GDP","TOT","MLN_USD","A","2010",28784.31,
"EST","GDP","TOT","MLN_USD","A","2011",32598.245,
"EST","GDP","TOT","MLN_USD","A","2012",34384.891,
"EST","GDP","TOT","MLN_USD","A","2013",36198.154,
"EST","GDP","TOT","MLN_USD","A","2014",38050.086,
"EST","GDP","TOT","MLN_USD","A","2015",38378.235,
"EST","GDP","TOT","MLN_USD","A","2016",41201.029,
"EST","GDP","TOT","MLN_USD","A","2017",44556.482,
"EST","GDP","TOT","MLN_USD","A","2018",48133.366,
"EST","GDP","TOT","MLN_USD","A","2019",51758.554,
"EST","GDP","TOT","MLN_USD","A","2020",52438.777,
"EST","GDP","TOT","MLN_USD","A","2021",57864.708,
"EST","GDP","TOT","MLN_USD","A","2022",62797.084,
"IND","GDP","TOT","MLN_USD","A","1995",1495647.088,"E"
"IND","GDP","TOT","MLN_USD","A","1996",1638013.035,"E"
"IND","GDP","TOT","MLN_USD","A","1997",1733739.966,"E"
"IND","GDP","TOT","MLN_USD","A","1998",1861682.288,"E"
"IND","GDP","TOT","MLN_USD","A","1999",2054918.312,"E"
"IND","GDP","TOT","MLN_USD","A","2000",2182190.876,"E"
"IND","GDP","TOT","MLN_USD","A","2001",2338994.39,"E"
"IND","GDP","TOT","MLN_USD","A","2002",2465809.82,"E"
"IND","GDP","TOT","MLN_USD","A","2003",2712122.354,"E"
"IND","GDP","TOT","MLN_USD","A","2004",3005573.457,"E"
"IND","GDP","TOT","MLN_USD","A","2005",3343217.019,"E"
"IND","GDP","TOT","MLN_USD","A","2006",3696921.384,"E"
"IND","GDP","TOT","MLN_USD","A","2007",4122654.665,"E"
"IND","GDP","TOT","MLN_USD","A","2008",4344051.884,"E"
"IND","GDP","TOT","MLN_USD","A","2009",4699354.982,"E"
"IND","GDP","TOT","MLN_USD","A","2010",5170609.612,"E"
"IND","GDP","TOT","MLN_USD","A","2011",5618380.736,
"IND","GDP","TOT","MLN_USD","A","2012",6153155.414,
"IND","GDP","TOT","MLN_USD","A","2013",6477517.562,
"IND","GDP","TOT","MLN_USD","A","2014",6781021.981,
"IND","GDP","TOT","MLN_USD","A","2015",7159798.323,
"IND","GDP","TOT","MLN_USD","A","2016",7735001.686,
"IND","GDP","TOT","MLN_USD","A","2017",8276934.252,
"IND","GDP","TOT","MLN_USD","A","2018",9021613.788,
"IND","GDP","TOT","MLN_USD","A","2019",9526237.286,
"IND","GDP","TOT","MLN_USD","A","2020",9005119.325,
"IDN","GDP","TOT","MLN_USD","A","1995",1069504.256,"E"
"IDN","GDP","TOT","MLN_USD","A","1996",1174233.357,"E"
"IDN","GDP","TOT","MLN_USD","A","1997",1250620.625,"E"
"IDN","GDP","TOT","MLN_USD","A","1998",1098684.085,"E"
"IDN","GDP","TOT","MLN_USD","A","1999",1122981.686,"E"
"IDN","GDP","TOT","MLN_USD","A","2000",1096681.028,"E"
"IDN","GDP","TOT","MLN_USD","A","2001",1162246.151,"E"
"IDN","GDP","TOT","MLN_USD","A","2002",1233470.135,"E"
"IDN","GDP","TOT","MLN_USD","A","2003",1317942.04,"E"
"IDN","GDP","TOT","MLN_USD","A","2004",1421404.855,"E"
"IDN","GDP","TOT","MLN_USD","A","2005",1549429.431,"E"
"IDN","GDP","TOT","MLN_USD","A","2006",1685101.674,"E"
"IDN","GDP","TOT","MLN_USD","A","2007",1840451.613,"E"
"IDN","GDP","TOT","MLN_USD","A","2008",1988552.302,
"IDN","GDP","TOT","MLN_USD","A","2009",2051977.559,
"IDN","GDP","TOT","MLN_USD","A","2010",2057206.51,
"IDN","GDP","TOT","MLN_USD","A","2011",2229511.719,
"IDN","GDP","TOT","MLN_USD","A","2012",2413435.226,
"IDN","GDP","TOT","MLN_USD","A","2013",2535041.373,
"IDN","GDP","TOT","MLN_USD","A","2014",2622251.601,
"IDN","GDP","TOT","MLN_USD","A","2015",2647706.549,
"IDN","GDP","TOT","MLN_USD","A","2016",2744896.64,
"IDN","GDP","TOT","MLN_USD","A","2017",2894125.53,
"IDN","GDP","TOT","MLN_USD","A","2018",3116594.552,
"IDN","GDP","TOT","MLN_USD","A","2019",3331570.511,
"IDN","GDP","TOT","MLN_USD","A","2020",3303238.766,
"IDN","GDP","TOT","MLN_USD","A","2021",3567505.282,
"IDN","GDP","TOT","MLN_USD","A","2022",3969883.308,
"ISR","GDP","TOT","MLN_USD","A","1995",114123.96,
"ISR","GDP","TOT","MLN_USD","A","1996",123006.825,
"ISR","GDP","TOT","MLN_USD","A","1997",129883.608,
"ISR","GDP","TOT","MLN_USD","A","1998",136649.739,
"ISR","GDP","TOT","MLN_USD","A","1999",143122.94,
"ISR","GDP","TOT","MLN_USD","A","2000",161782.491,
"ISR","GDP","TOT","MLN_USD","A","2001",165726.604,
"ISR","GDP","TOT","MLN_USD","A","2002",171106.706,
"ISR","GDP","TOT","MLN_USD","A","2003",164908.213,
"ISR","GDP","TOT","MLN_USD","A","2004",177323.829,
"ISR","GDP","TOT","MLN_USD","A","2005",177607.495,
"ISR","GDP","TOT","MLN_USD","A","2006",185830.636,
"ISR","GDP","TOT","MLN_USD","A","2007",202318.866,
"ISR","GDP","TOT","MLN_USD","A","2008",204628.859,
"ISR","GDP","TOT","MLN_USD","A","2009",209348.048,
"ISR","GDP","TOT","MLN_USD","A","2010",223877.628,
"ISR","GDP","TOT","MLN_USD","A","2011",242552.856,
"ISR","GDP","TOT","MLN_USD","A","2012",256309.664,
"ISR","GDP","TOT","MLN_USD","A","2013",279898.839,
"ISR","GDP","TOT","MLN_USD","A","2014",285199.509,
"ISR","GDP","TOT","MLN_USD","A","2015",299862.537,
"ISR","GDP","TOT","MLN_USD","A","2016",325370.412,
"ISR","GDP","TOT","MLN_USD","A","2017",342747.665,
"ISR","GDP","TOT","MLN_USD","A","2018",355910.254,
"ISR","GDP","TOT","MLN_USD","A","2019",368048.537,
"ISR","GDP","TOT","MLN_USD","A","2020",369246.186,
"ISR","GDP","TOT","MLN_USD","A","2021",413651.029,
"ISR","GDP","TOT","MLN_USD","A","2022",475531.164,
"RUS","GDP","TOT","MLN_USD","A","1995",893649.805,"E"
"RUS","GDP","TOT","MLN_USD","A","1996",877181.595,"E"
"RUS","GDP","TOT","MLN_USD","A","1997",904631.52,"E"
"RUS","GDP","TOT","MLN_USD","A","1998",865918.063,"E"
"RUS","GDP","TOT","MLN_USD","A","1999",934209.415,"E"
"RUS","GDP","TOT","MLN_USD","A","2000",1073593.408,"E"
"RUS","GDP","TOT","MLN_USD","A","2001",1152998.495,"E"
"RUS","GDP","TOT","MLN_USD","A","2002",1253122.777,"E"
"RUS","GDP","TOT","MLN_USD","A","2003",1437840.922,"E"
"RUS","GDP","TOT","MLN_USD","A","2004",1582506.988,"E"
"RUS","GDP","TOT","MLN_USD","A","2005",1822444.794,"E"
"RUS","GDP","TOT","MLN_USD","A","2006",2291243.855,"E"
"RUS","GDP","TOT","MLN_USD","A","2007",2553606.502,"E"
"RUS","GDP","TOT","MLN_USD","A","2008",3091455.591,"E"
"RUS","GDP","TOT","MLN_USD","A","2009",2973733.08,"E"
"RUS","GDP","TOT","MLN_USD","A","2010",3143873.887,"E"
"RUS","GDP","TOT","MLN_USD","A","2011",3259319.17,
"RUS","GDP","TOT","MLN_USD","A","2012",3480301.72,
"RUS","GDP","TOT","MLN_USD","A","2013",3741783.371,
"RUS","GDP","TOT","MLN_USD","A","2014",3763536.922,
"RUS","GDP","TOT","MLN_USD","A","2015",3526234.314,
"RUS","GDP","TOT","MLN_USD","A","2016",3538975.3,
"RUS","GDP","TOT","MLN_USD","A","2017",3807099.411,
"RUS","GDP","TOT","MLN_USD","A","2018",4231840.387,
"RUS","GDP","TOT","MLN_USD","A","2019",4398115.281,
"RUS","GDP","TOT","MLN_USD","A","2020",4367291.715,
"SVN","GDP","TOT","MLN_USD","A","1995",27118.433,
"SVN","GDP","TOT","MLN_USD","A","1996",28453.914,
"SVN","GDP","TOT","MLN_USD","A","1997",30350.887,
"SVN","GDP","TOT","MLN_USD","A","1998",31817.88,
"SVN","GDP","TOT","MLN_USD","A","1999",33876.846,
"SVN","GDP","TOT","MLN_USD","A","2000",35809.984,
"SVN","GDP","TOT","MLN_USD","A","2001",37753.179,
"SVN","GDP","TOT","MLN_USD","A","2002",40372.33,
"SVN","GDP","TOT","MLN_USD","A","2003",42136.787,
"SVN","GDP","TOT","MLN_USD","A","2004",45454.14,
"SVN","GDP","TOT","MLN_USD","A","2005",47716.594,
"SVN","GDP","TOT","MLN_USD","A","2006",51614.174,
"SVN","GDP","TOT","MLN_USD","A","2007",55646.935,
"SVN","GDP","TOT","MLN_USD","A","2008",59839.586,
"SVN","GDP","TOT","MLN_USD","A","2009",56168.448,
"SVN","GDP","TOT","MLN_USD","A","2010",57002.774,
"SVN","GDP","TOT","MLN_USD","A","2011",59391.555,
"SVN","GDP","TOT","MLN_USD","A","2012",59745.667,
"SVN","GDP","TOT","MLN_USD","A","2013",61744.434,
"SVN","GDP","TOT","MLN_USD","A","2014",63653.392,
"SVN","GDP","TOT","MLN_USD","A","2015",65265.909,
"SVN","GDP","TOT","MLN_USD","A","2016",70079.359,
"SVN","GDP","TOT","MLN_USD","A","2017",75438.709,
"SVN","GDP","TOT","MLN_USD","A","2018",80823.475,
"SVN","GDP","TOT","MLN_USD","A","2019",87986.552,
"SVN","GDP","TOT","MLN_USD","A","2020",85974.042,
"SVN","GDP","TOT","MLN_USD","A","2021",92826.649,
"SVN","GDP","TOT","MLN_USD","A","2022",102014.348,
"ZAF","GDP","TOT","MLN_USD","A","1995",306205.174,
"ZAF","GDP","TOT","MLN_USD","A","1996",325219.089,
"ZAF","GDP","TOT","MLN_USD","A","1997",339429.176,
"ZAF","GDP","TOT","MLN_USD","A","1998",344965.755,
"ZAF","GDP","TOT","MLN_USD","A","1999",358223.022,
"ZAF","GDP","TOT","MLN_USD","A","2000",381724.875,
"ZAF","GDP","TOT","MLN_USD","A","2001",400863.625,
"ZAF","GDP","TOT","MLN_USD","A","2002",422175.735,
"ZAF","GDP","TOT","MLN_USD","A","2003",443203.734,
"ZAF","GDP","TOT","MLN_USD","A","2004",475829.384,
"ZAF","GDP","TOT","MLN_USD","A","2005",516647.451,
"ZAF","GDP","TOT","MLN_USD","A","2006",562434.296,
"ZAF","GDP","TOT","MLN_USD","A","2007",608598.165,
"ZAF","GDP","TOT","MLN_USD","A","2008",640063.779,
"ZAF","GDP","TOT","MLN_USD","A","2009",634258.447,
"ZAF","GDP","TOT","MLN_USD","A","2010",661392.383,
"ZAF","GDP","TOT","MLN_USD","A","2011",696526.062,
"ZAF","GDP","TOT","MLN_USD","A","2012",698221.036,
"ZAF","GDP","TOT","MLN_USD","A","2013",730517.508,
"ZAF","GDP","TOT","MLN_USD","A","2014",741915.64,
"ZAF","GDP","TOT","MLN_USD","A","2015",758900.96,
"ZAF","GDP","TOT","MLN_USD","A","2016",772768.575,
"ZAF","GDP","TOT","MLN_USD","A","2017",790170.605,
"ZAF","GDP","TOT","MLN_USD","A","2018",823603.406,
"ZAF","GDP","TOT","MLN_USD","A","2019",840317.205,
"ZAF","GDP","TOT","MLN_USD","A","2020",796453.237,
"ZAF","GDP","TOT","MLN_USD","A","2021",870861.683,
"ZAF","GDP","TOT","MLN_USD","A","2022",949506.772,
"OECD","GDP","TOT","MLN_USD","A","1995",23114509.11,"E"
"OECD","GDP","TOT","MLN_USD","A","1996",24315442.798,"E"
"OECD","GDP","TOT","MLN_USD","A","1997",25613409.906,"E"
"OECD","GDP","TOT","MLN_USD","A","1998",26490376.998,"E"
"OECD","GDP","TOT","MLN_USD","A","1999",27722132.693,"E"
"OECD","GDP","TOT","MLN_USD","A","2000",29639995.624,"E"
"OECD","GDP","TOT","MLN_USD","A","2001",30794204.481,"E"
"OECD","GDP","TOT","MLN_USD","A","2002",31978544.826,"E"
"OECD","GDP","TOT","MLN_USD","A","2003",33178360.305,"E"
"OECD","GDP","TOT","MLN_USD","A","2004",35192247.39,"E"
"OECD","GDP","TOT","MLN_USD","A","2005",37114381.786,
"OECD","GDP","TOT","MLN_USD","A","2006",39872711.975,
"OECD","GDP","TOT","MLN_USD","A","2007",42132135.341,
"OECD","GDP","TOT","MLN_USD","A","2008",43560290.809,
"OECD","GDP","TOT","MLN_USD","A","2009",42644753.786,
"OECD","GDP","TOT","MLN_USD","A","2010",44610211.288,"B"
"OECD","GDP","TOT","MLN_USD","A","2011",46679174.775,
"OECD","GDP","TOT","MLN_USD","A","2012",48208414.607,
"OECD","GDP","TOT","MLN_USD","A","2013",50239694.982,
"OECD","GDP","TOT","MLN_USD","A","2014",52016326.586,
"OECD","GDP","TOT","MLN_USD","A","2015",53829863.522,
"OECD","GDP","TOT","MLN_USD","A","2016",56051670.359,
"OECD","GDP","TOT","MLN_USD","A","2017",58543866.015,
"OECD","GDP","TOT","MLN_USD","A","2018",61182248.12,
"OECD","GDP","TOT","MLN_USD","A","2019",63580311.908,"P"
"OECD","GDP","TOT","MLN_USD","A","2020",62119570.984,"P"
"OECD","GDP","TOT","MLN_USD","A","2021",67544424.356,"E"
"OECD","GDP","TOT","MLN_USD","A","2022",74545952.468,"E"
"OECDE","GDP","TOT","MLN_USD","A","1995",9456696.034,"E"
"OECDE","GDP","TOT","MLN_USD","A","1996",9870754.611,"E"
"OECDE","GDP","TOT","MLN_USD","A","1997",10346862.001,"E"
"OECDE","GDP","TOT","MLN_USD","A","1998",10627113.324,
"OECDE","GDP","TOT","MLN_USD","A","1999",11034766.59,
"OECDE","GDP","TOT","MLN_USD","A","2000",11834961.783,
"OECDE","GDP","TOT","MLN_USD","A","2001",12387402.608,
"OECDE","GDP","TOT","MLN_USD","A","2002",12929125.679,
"OECDE","GDP","TOT","MLN_USD","A","2003",13290785.61,
"OECDE","GDP","TOT","MLN_USD","A","2004",14033574.472,
"OECDE","GDP","TOT","MLN_USD","A","2005",14634035.328,
"OECDE","GDP","TOT","MLN_USD","A","2006",15958002.556,
"OECDE","GDP","TOT","MLN_USD","A","2007",16989445.37,
"OECDE","GDP","TOT","MLN_USD","A","2008",17844193.43,
"OECDE","GDP","TOT","MLN_USD","A","2009",17444872.178,
"OECDE","GDP","TOT","MLN_USD","A","2010",18206901.615,"B"
"OECDE","GDP","TOT","MLN_USD","A","2011",19165163.944,
"OECDE","GDP","TOT","MLN_USD","A","2012",19597771.326,
"OECDE","GDP","TOT","MLN_USD","A","2013",20431300.022,
"OECDE","GDP","TOT","MLN_USD","A","2014",21170776.579,
"OECDE","GDP","TOT","MLN_USD","A","2015",21952114.848,
"OECDE","GDP","TOT","MLN_USD","A","2016",23198809.893,
"OECDE","GDP","TOT","MLN_USD","A","2017",24435096.584,
"OECDE","GDP","TOT","MLN_USD","A","2018",25473550.693,
"OECDE","GDP","TOT","MLN_USD","A","2019",26859565.048,"P"
"OECDE","GDP","TOT","MLN_USD","A","2020",25951188.135,"P"
"OECDE","GDP","TOT","MLN_USD","A","2021",28081678.507,"P"
"OECDE","GDP","TOT","MLN_USD","A","2022",31457869.584,"P"
"LVA","GDP","TOT","MLN_USD","A","1995",13712.399,
"LVA","GDP","TOT","MLN_USD","A","1996",14274.143,
"LVA","GDP","TOT","MLN_USD","A","1997",15783.348,
"LVA","GDP","TOT","MLN_USD","A","1998",17035.302,
"LVA","GDP","TOT","MLN_USD","A","1999",17703.515,
"LVA","GDP","TOT","MLN_USD","A","2000",19036.489,
"LVA","GDP","TOT","MLN_USD","A","2001",21141.928,
"LVA","GDP","TOT","MLN_USD","A","2002",23289.29,
"LVA","GDP","TOT","MLN_USD","A","2003",25308.173,
"LVA","GDP","TOT","MLN_USD","A","2004",27788.249,
"LVA","GDP","TOT","MLN_USD","A","2005",31150.314,
"LVA","GDP","TOT","MLN_USD","A","2006",35176.486,
"LVA","GDP","TOT","MLN_USD","A","2007",40130.889,
"LVA","GDP","TOT","MLN_USD","A","2008",42617.047,
"LVA","GDP","TOT","MLN_USD","A","2009",36461.113,
"LVA","GDP","TOT","MLN_USD","A","2010",37140.93,
"LVA","GDP","TOT","MLN_USD","A","2011",39646.372,
"LVA","GDP","TOT","MLN_USD","A","2012",43311.604,
"LVA","GDP","TOT","MLN_USD","A","2013",45564.445,
"LVA","GDP","TOT","MLN_USD","A","2014",47483.527,
"LVA","GDP","TOT","MLN_USD","A","2015",49384.342,
"LVA","GDP","TOT","MLN_USD","A","2016",52362.25,
"LVA","GDP","TOT","MLN_USD","A","2017",55691.223,
"LVA","GDP","TOT","MLN_USD","A","2018",59505.491,
"LVA","GDP","TOT","MLN_USD","A","2019",62800.719,
"LVA","GDP","TOT","MLN_USD","A","2020",62367.823,
"LVA","GDP","TOT","MLN_USD","A","2021",65523.038,
"LVA","GDP","TOT","MLN_USD","A","2022",74846.879,
"BRA","GDP","TOT","MLN_USD","A","1995",1309440.382,
"BRA","GDP","TOT","MLN_USD","A","1996",1362869.158,
"BRA","GDP","TOT","MLN_USD","A","1997",1433436.058,
"BRA","GDP","TOT","MLN_USD","A","1998",1454470.82,
"BRA","GDP","TOT","MLN_USD","A","1999",1481869.627,
"BRA","GDP","TOT","MLN_USD","A","2000",1581938.913,
"BRA","GDP","TOT","MLN_USD","A","2001",1640061.931,
"BRA","GDP","TOT","MLN_USD","A","2002",1716481.963,
"BRA","GDP","TOT","MLN_USD","A","2003",1770327.023,
"BRA","GDP","TOT","MLN_USD","A","2004",1922557.356,
"BRA","GDP","TOT","MLN_USD","A","2005",2046338.698,
"BRA","GDP","TOT","MLN_USD","A","2006",2193057.541,
"BRA","GDP","TOT","MLN_USD","A","2007",2389038.739,
"BRA","GDP","TOT","MLN_USD","A","2008",2558895.373,
"BRA","GDP","TOT","MLN_USD","A","2009",2572056.701,
"BRA","GDP","TOT","MLN_USD","A","2010",2798924.733,
"BRA","GDP","TOT","MLN_USD","A","2011",2970630.763,
"BRA","GDP","TOT","MLN_USD","A","2012",2998534.425,
"BRA","GDP","TOT","MLN_USD","A","2013",3133893.65,
"BRA","GDP","TOT","MLN_USD","A","2014",3187155.079,
"BRA","GDP","TOT","MLN_USD","A","2015",3014754.849,
"BRA","GDP","TOT","MLN_USD","A","2016",2939094.21,
"BRA","GDP","TOT","MLN_USD","A","2017",3017715.87,
"BRA","GDP","TOT","MLN_USD","A","2018",3145953.19,
"BRA","GDP","TOT","MLN_USD","A","2019",3241317.4,
"BRA","GDP","TOT","MLN_USD","A","2020",3213097.741,
"LTU","GDP","TOT","MLN_USD","A","1995",21523.635,
"LTU","GDP","TOT","MLN_USD","A","1996",22998.859,
"LTU","GDP","TOT","MLN_USD","A","1997",25275.086,
"LTU","GDP","TOT","MLN_USD","A","1998",27553.142,
"LTU","GDP","TOT","MLN_USD","A","1999",27562.02,
"LTU","GDP","TOT","MLN_USD","A","2000",29560.652,
"LTU","GDP","TOT","MLN_USD","A","2001",32755.919,
"LTU","GDP","TOT","MLN_USD","A","2002",36085.771,
"LTU","GDP","TOT","MLN_USD","A","2003",41215.623,
"LTU","GDP","TOT","MLN_USD","A","2004",44005.046,
"LTU","GDP","TOT","MLN_USD","A","2005",48211.86,
"LTU","GDP","TOT","MLN_USD","A","2006",53892.771,
"LTU","GDP","TOT","MLN_USD","A","2007",61707.148,
"LTU","GDP","TOT","MLN_USD","A","2008",66270.635,
"LTU","GDP","TOT","MLN_USD","A","2009",57304.636,
"LTU","GDP","TOT","MLN_USD","A","2010",62244.934,
"LTU","GDP","TOT","MLN_USD","A","2011",69298.245,
"LTU","GDP","TOT","MLN_USD","A","2012",73809.042,
"LTU","GDP","TOT","MLN_USD","A","2013",79034.188,
"LTU","GDP","TOT","MLN_USD","A","2014",82647.295,
"LTU","GDP","TOT","MLN_USD","A","2015",83761.504,
"LTU","GDP","TOT","MLN_USD","A","2016",88700.479,
"LTU","GDP","TOT","MLN_USD","A","2017",95492.278,
"LTU","GDP","TOT","MLN_USD","A","2018",101910.429,
"LTU","GDP","TOT","MLN_USD","A","2019",111744.68,
"LTU","GDP","TOT","MLN_USD","A","2020",112387.535,
"LTU","GDP","TOT","MLN_USD","A","2021",123376.826,
"LTU","GDP","TOT","MLN_USD","A","2022",138355.938,
"SAU","GDP","TOT","MLN_USD","A","1995",698165.665,
"SAU","GDP","TOT","MLN_USD","A","1996",729699.479,
"SAU","GDP","TOT","MLN_USD","A","1997",750476.099,
"SAU","GDP","TOT","MLN_USD","A","1998",780880.809,
"SAU","GDP","TOT","MLN_USD","A","1999",762085.071,
"SAU","GDP","TOT","MLN_USD","A","2000",823191.702,
"SAU","GDP","TOT","MLN_USD","A","2001",831546.819,
"SAU","GDP","TOT","MLN_USD","A","2002",820698.401,
"SAU","GDP","TOT","MLN_USD","A","2003",930980.027,
"SAU","GDP","TOT","MLN_USD","A","2004",1032051.752,
"SAU","GDP","TOT","MLN_USD","A","2005",1123743.981,
"SAU","GDP","TOT","MLN_USD","A","2006",1190719.394,
"SAU","GDP","TOT","MLN_USD","A","2007",1245487.434,
"SAU","GDP","TOT","MLN_USD","A","2008",1348708.101,
"SAU","GDP","TOT","MLN_USD","A","2009",1329401.44,
"SAU","GDP","TOT","MLN_USD","A","2010",1413178.186,
"SAU","GDP","TOT","MLN_USD","A","2011",1586748.761,
"SAU","GDP","TOT","MLN_USD","A","2012",1672470.749,
"SAU","GDP","TOT","MLN_USD","A","2013",1680157.97,
"SAU","GDP","TOT","MLN_USD","A","2014",1722861.782,
"SAU","GDP","TOT","MLN_USD","A","2015",1541831.733,
"SAU","GDP","TOT","MLN_USD","A","2016",1475672.107,
"SAU","GDP","TOT","MLN_USD","A","2017",1565891.582,
"SAU","GDP","TOT","MLN_USD","A","2018",1643610.545,
"SAU","GDP","TOT","MLN_USD","A","2019",1678594.247,
"SAU","GDP","TOT","MLN_USD","A","2020",1628533.458,
"SAU","GDP","TOT","MLN_USD","A","2021",1751177.858,
"EA19","GDP","TOT","MLN_USD","A","1995",6484700.949,
"EA19","GDP","TOT","MLN_USD","A","1996",6700647.702,
"EA19","GDP","TOT","MLN_USD","A","1997",6983652.895,
"EA19","GDP","TOT","MLN_USD","A","1998",7332423.128,
"EA19","GDP","TOT","MLN_USD","A","1999",7632226.692,
"EA19","GDP","TOT","MLN_USD","A","2000",8131914.129,
"EA19","GDP","TOT","MLN_USD","A","2001",8543834.62,
"EA19","GDP","TOT","MLN_USD","A","2002",8920931.499,
"EA19","GDP","TOT","MLN_USD","A","2003",9116364.295,
"EA19","GDP","TOT","MLN_USD","A","2004",9524934.829,
"EA19","GDP","TOT","MLN_USD","A","2005",9903046.276,
"EA19","GDP","TOT","MLN_USD","A","2006",10760476.951,
"EA19","GDP","TOT","MLN_USD","A","2007",11445889.791,
"EA19","GDP","TOT","MLN_USD","A","2008",11933310.834,
"EA19","GDP","TOT","MLN_USD","A","2009",11663626.928,
"EA19","GDP","TOT","MLN_USD","A","2010",12023192.564,
"EA19","GDP","TOT","MLN_USD","A","2011",12554120.404,
"EA19","GDP","TOT","MLN_USD","A","2012",12706766.058,
"EA19","GDP","TOT","MLN_USD","A","2013",13150941.552,
"EA19","GDP","TOT","MLN_USD","A","2014",13523515.169,
"EA19","GDP","TOT","MLN_USD","A","2015",13934266.29,
"EA19","GDP","TOT","MLN_USD","A","2016",14823273.191,
"EA19","GDP","TOT","MLN_USD","A","2017",15566850.491,
"EA19","GDP","TOT","MLN_USD","A","2018",16261013.038,
"EA19","GDP","TOT","MLN_USD","A","2019",17237771.975,
"EA19","GDP","TOT","MLN_USD","A","2020",16561721.048,
"EA19","GDP","TOT","MLN_USD","A","2021",17754757.952,
"EA19","GDP","TOT","MLN_USD","A","2022",19595214.794,
"ARG","GDP","TOT","MLN_USD","A","2004",470302.946,
"ARG","GDP","TOT","MLN_USD","A","2005",527985.869,
"ARG","GDP","TOT","MLN_USD","A","2006",588076.13,
"ARG","GDP","TOT","MLN_USD","A","2007",658372.467,
"ARG","GDP","TOT","MLN_USD","A","2008",698223.628,
"ARG","GDP","TOT","MLN_USD","A","2009",661109.513,
"ARG","GDP","TOT","MLN_USD","A","2010",736799.121,
"ARG","GDP","TOT","MLN_USD","A","2011",797263.882,
"ARG","GDP","TOT","MLN_USD","A","2012",819697.902,
"ARG","GDP","TOT","MLN_USD","A","2013",849616,
"ARG","GDP","TOT","MLN_USD","A","2014",839896.688,
"ARG","GDP","TOT","MLN_USD","A","2015",867176.759,
"ARG","GDP","TOT","MLN_USD","A","2016",885227.529,
"ARG","GDP","TOT","MLN_USD","A","2017",1039330.592,
"ARG","GDP","TOT","MLN_USD","A","2018",1036307.018,
"ARG","GDP","TOT","MLN_USD","A","2019",1033737.648,
"ARG","GDP","TOT","MLN_USD","A","2020",942170.824,
"ARG","GDP","TOT","MLN_USD","A","2021",1083361.763,
"CRI","GDP","TOT","MLN_USD","A","1995",23694.437,
"CRI","GDP","TOT","MLN_USD","A","1996",24454.118,
"CRI","GDP","TOT","MLN_USD","A","1997",26238.045,
"CRI","GDP","TOT","MLN_USD","A","1998",28431.912,
"CRI","GDP","TOT","MLN_USD","A","1999",30047.819,
"CRI","GDP","TOT","MLN_USD","A","2000",31917.39,
"CRI","GDP","TOT","MLN_USD","A","2001",33775.851,
"CRI","GDP","TOT","MLN_USD","A","2002",35474.31,
"CRI","GDP","TOT","MLN_USD","A","2003",37736.191,
"CRI","GDP","TOT","MLN_USD","A","2004",40463.66,
"CRI","GDP","TOT","MLN_USD","A","2005",43392.076,
"CRI","GDP","TOT","MLN_USD","A","2006",48008.272,
"CRI","GDP","TOT","MLN_USD","A","2007",53356.257,
"CRI","GDP","TOT","MLN_USD","A","2008",56956.205,
"CRI","GDP","TOT","MLN_USD","A","2009",56820.586,
"CRI","GDP","TOT","MLN_USD","A","2010",60585.846,
"CRI","GDP","TOT","MLN_USD","A","2011",64567.752,
"CRI","GDP","TOT","MLN_USD","A","2012",69073.803,
"CRI","GDP","TOT","MLN_USD","A","2013",73210.057,
"CRI","GDP","TOT","MLN_USD","A","2014",79269.13,
"CRI","GDP","TOT","MLN_USD","A","2015",85240.084,
"CRI","GDP","TOT","MLN_USD","A","2016",93454.856,
"CRI","GDP","TOT","MLN_USD","A","2017",100716.907,
"CRI","GDP","TOT","MLN_USD","A","2018",106583.345,
"CRI","GDP","TOT","MLN_USD","A","2019",114952.28,
"CRI","GDP","TOT","MLN_USD","A","2020",111138.964,
"CRI","GDP","TOT","MLN_USD","A","2021",116703.599,"E"
"CRI","GDP","TOT","MLN_USD","A","2022",129120.036,"E"
"BGR","GDP","TOT","MLN_USD","A","1995",65092.001,
"BGR","GDP","TOT","MLN_USD","A","1996",57276.776,
"BGR","GDP","TOT","MLN_USD","A","1997",47798.854,
"BGR","GDP","TOT","MLN_USD","A","1998",51010.118,
"BGR","GDP","TOT","MLN_USD","A","1999",47685.653,
"BGR","GDP","TOT","MLN_USD","A","2000",52475.709,
"BGR","GDP","TOT","MLN_USD","A","2001",55744.337,
"BGR","GDP","TOT","MLN_USD","A","2002",61023.358,
"BGR","GDP","TOT","MLN_USD","A","2003",65448.101,
"BGR","GDP","TOT","MLN_USD","A","2004",71006.946,
"BGR","GDP","TOT","MLN_USD","A","2005",78822.024,
"BGR","GDP","TOT","MLN_USD","A","2006",86700.397,
"BGR","GDP","TOT","MLN_USD","A","2007",96737.56,
"BGR","GDP","TOT","MLN_USD","A","2008",107494.62,
"BGR","GDP","TOT","MLN_USD","A","2009",105576.224,
"BGR","GDP","TOT","MLN_USD","A","2010",110625.916,
"BGR","GDP","TOT","MLN_USD","A","2011",115717.55,
"BGR","GDP","TOT","MLN_USD","A","2012",119285.264,
"BGR","GDP","TOT","MLN_USD","A","2013",120959.838,
"BGR","GDP","TOT","MLN_USD","A","2014",127258.875,
"BGR","GDP","TOT","MLN_USD","A","2015",131975.085,
"BGR","GDP","TOT","MLN_USD","A","2016",143024.905,
"BGR","GDP","TOT","MLN_USD","A","2017",151834.589,
"BGR","GDP","TOT","MLN_USD","A","2018",161616.047,
"BGR","GDP","TOT","MLN_USD","A","2019",175501.638,
"BGR","GDP","TOT","MLN_USD","A","2020",175298.038,
"BGR","GDP","TOT","MLN_USD","A","2021",193259.135,
"BGR","GDP","TOT","MLN_USD","A","2022",220295.175,
"HRV","GDP","TOT","MLN_USD","A","1995",37211.971,
"HRV","GDP","TOT","MLN_USD","A","1996",40122.18,
"HRV","GDP","TOT","MLN_USD","A","1997",43237.325,
"HRV","GDP","TOT","MLN_USD","A","1998",44811.559,
"HRV","GDP","TOT","MLN_USD","A","1999",44855.041,
"HRV","GDP","TOT","MLN_USD","A","2000",47674.298,
"HRV","GDP","TOT","MLN_USD","A","2001",50092.732,
"HRV","GDP","TOT","MLN_USD","A","2002",54959.264,
"HRV","GDP","TOT","MLN_USD","A","2003",58945.143,
"HRV","GDP","TOT","MLN_USD","A","2004",63253.511,
"HRV","GDP","TOT","MLN_USD","A","2005",66614.062,
"HRV","GDP","TOT","MLN_USD","A","2006",76033.405,
"HRV","GDP","TOT","MLN_USD","A","2007",84375.634,
"HRV","GDP","TOT","MLN_USD","A","2008",90645.052,
"HRV","GDP","TOT","MLN_USD","A","2009",87285.059,
"HRV","GDP","TOT","MLN_USD","A","2010",86300.85,
"HRV","GDP","TOT","MLN_USD","A","2011",90492.617,
"HRV","GDP","TOT","MLN_USD","A","2012",91794.883,
"HRV","GDP","TOT","MLN_USD","A","2013",94401.807,
"HRV","GDP","TOT","MLN_USD","A","2014",94978.464,
"HRV","GDP","TOT","MLN_USD","A","2015",98327.492,
"HRV","GDP","TOT","MLN_USD","A","2016",105690.85,
"HRV","GDP","TOT","MLN_USD","A","2017",112464.616,
"HRV","GDP","TOT","MLN_USD","A","2018",118467.113,
"HRV","GDP","TOT","MLN_USD","A","2019",128708.083,
"HRV","GDP","TOT","MLN_USD","A","2020",120445.675,
"HRV","GDP","TOT","MLN_USD","A","2021",135116.206,
"HRV","GDP","TOT","MLN_USD","A","2022",157015.32,"P"
"CYP","GDP","TOT","MLN_USD","A","1995",11127.968,
"CYP","GDP","TOT","MLN_USD","A","1996",11454.061,
"CYP","GDP","TOT","MLN_USD","A","1997",11926.814,
"CYP","GDP","TOT","MLN_USD","A","1998",12738.553,
"CYP","GDP","TOT","MLN_USD","A","1999",13502.013,
"CYP","GDP","TOT","MLN_USD","A","2000",14776.774,
"CYP","GDP","TOT","MLN_USD","A","2001",16041.185,
"CYP","GDP","TOT","MLN_USD","A","2002",16716.202,
"CYP","GDP","TOT","MLN_USD","A","2003",17441.165,
"CYP","GDP","TOT","MLN_USD","A","2004",18887.345,
"CYP","GDP","TOT","MLN_USD","A","2005",20504.268,
"CYP","GDP","TOT","MLN_USD","A","2006",22537.131,
"CYP","GDP","TOT","MLN_USD","A","2007",25227.215,
"CYP","GDP","TOT","MLN_USD","A","2008",27398.547,
"CYP","GDP","TOT","MLN_USD","A","2009",27381.554,
"CYP","GDP","TOT","MLN_USD","A","2010",27795.781,
"CYP","GDP","TOT","MLN_USD","A","2011",28424.76,
"CYP","GDP","TOT","MLN_USD","A","2012",27580.612,
"CYP","GDP","TOT","MLN_USD","A","2013",26247.51,
"CYP","GDP","TOT","MLN_USD","A","2014",25720.828,
"CYP","GDP","TOT","MLN_USD","A","2015",27059.5,
"CYP","GDP","TOT","MLN_USD","A","2016",30552.782,
"CYP","GDP","TOT","MLN_USD","A","2017",33018.337,
"CYP","GDP","TOT","MLN_USD","A","2018",35391.23,
"CYP","GDP","TOT","MLN_USD","A","2019",38840.162,
"CYP","GDP","TOT","MLN_USD","A","2020",36948.39,
"CYP","GDP","TOT","MLN_USD","A","2021",39970.121,
"CYP","GDP","TOT","MLN_USD","A","2022",45399.505,"P"
"MLT","GDP","TOT","MLN_USD","A","1995",5280.792,
"MLT","GDP","TOT","MLN_USD","A","1996",5570.024,
"MLT","GDP","TOT","MLN_USD","A","1997",5930.053,
"MLT","GDP","TOT","MLN_USD","A","1998",6249.812,
"MLT","GDP","TOT","MLN_USD","A","1999",6564.667,
"MLT","GDP","TOT","MLN_USD","A","2000",7161.221,
"MLT","GDP","TOT","MLN_USD","A","2001",7276.343,
"MLT","GDP","TOT","MLN_USD","A","2002",7760.932,
"MLT","GDP","TOT","MLN_USD","A","2003",8342.514,
"MLT","GDP","TOT","MLN_USD","A","2004",8645.518,
"MLT","GDP","TOT","MLN_USD","A","2005",9008.194,
"MLT","GDP","TOT","MLN_USD","A","2006",9450.759,
"MLT","GDP","TOT","MLN_USD","A","2007",10193.326,
"MLT","GDP","TOT","MLN_USD","A","2008",10858.15,
"MLT","GDP","TOT","MLN_USD","A","2009",10992.903,
"MLT","GDP","TOT","MLN_USD","A","2010",11905.695,
"MLT","GDP","TOT","MLN_USD","A","2011",12060.668,
"MLT","GDP","TOT","MLN_USD","A","2012",12703.272,
"MLT","GDP","TOT","MLN_USD","A","2013",13757.007,
"MLT","GDP","TOT","MLN_USD","A","2014",14924.391,
"MLT","GDP","TOT","MLN_USD","A","2015",16669.533,
"MLT","GDP","TOT","MLN_USD","A","2016",18080.342,
"MLT","GDP","TOT","MLN_USD","A","2017",20354.833,
"MLT","GDP","TOT","MLN_USD","A","2018",22118.132,
"MLT","GDP","TOT","MLN_USD","A","2019",24810.616,
"MLT","GDP","TOT","MLN_USD","A","2020",23163.257,
"MLT","GDP","TOT","MLN_USD","A","2021",25923.677,
"MLT","GDP","TOT","MLN_USD","A","2022",29364.101,
"ROU","GDP","TOT","MLN_USD","A","1995",123162.557,
"ROU","GDP","TOT","MLN_USD","A","1996",129961.017,
"ROU","GDP","TOT","MLN_USD","A","1997",125494.583,
"ROU","GDP","TOT","MLN_USD","A","1998",124793.648,
"ROU","GDP","TOT","MLN_USD","A","1999",125763.734,
"ROU","GDP","TOT","MLN_USD","A","2000",131266.35,
"ROU","GDP","TOT","MLN_USD","A","2001",144294.072,
"ROU","GDP","TOT","MLN_USD","A","2002",155641.018,
"ROU","GDP","TOT","MLN_USD","A","2003",163108.708,
"ROU","GDP","TOT","MLN_USD","A","2004",192859.101,
"ROU","GDP","TOT","MLN_USD","A","2005",204714.62,
"ROU","GDP","TOT","MLN_USD","A","2006",244891.715,
"ROU","GDP","TOT","MLN_USD","A","2007",286131.809,
"ROU","GDP","TOT","MLN_USD","A","2008",344669.395,
"ROU","GDP","TOT","MLN_USD","A","2009",338766.406,
"ROU","GDP","TOT","MLN_USD","A","2010",351401.806,
"ROU","GDP","TOT","MLN_USD","A","2011",378833.587,
"ROU","GDP","TOT","MLN_USD","A","2012",397334.041,
"ROU","GDP","TOT","MLN_USD","A","2013",393222.364,
"ROU","GDP","TOT","MLN_USD","A","2014",410763.371,
"ROU","GDP","TOT","MLN_USD","A","2015",428503.297,
"ROU","GDP","TOT","MLN_USD","A","2016",470979.152,
"ROU","GDP","TOT","MLN_USD","A","2017",527783.803,
"ROU","GDP","TOT","MLN_USD","A","2018",575806.732,
"ROU","GDP","TOT","MLN_USD","A","2019",640553.648,
"ROU","GDP","TOT","MLN_USD","A","2020",642164.611,
"ROU","GDP","TOT","MLN_USD","A","2021",694425.943,
"ROU","GDP","TOT","MLN_USD","A","2022",792547.021,"P"
"MKD","GDP","TOT","MLN_USD","A","2000",12467.434,
"MKD","GDP","TOT","MLN_USD","A","2001",12312.833,
"MKD","GDP","TOT","MLN_USD","A","2002",12919.276,
"MKD","GDP","TOT","MLN_USD","A","2003",13368.156,
"MKD","GDP","TOT","MLN_USD","A","2004",14577.486,
"MKD","GDP","TOT","MLN_USD","A","2005",15987.118,
"MKD","GDP","TOT","MLN_USD","A","2006",17727.332,
"MKD","GDP","TOT","MLN_USD","A","2007",19111.372,
"MKD","GDP","TOT","MLN_USD","A","2008",21537.175,
"MKD","GDP","TOT","MLN_USD","A","2009",22579.031,
"MKD","GDP","TOT","MLN_USD","A","2010",23346.758,
"MKD","GDP","TOT","MLN_USD","A","2011",24064.243,
"MKD","GDP","TOT","MLN_USD","A","2012",24558.756,
"MKD","GDP","TOT","MLN_USD","A","2013",26269.669,
"MKD","GDP","TOT","MLN_USD","A","2014",27775.93,
"MKD","GDP","TOT","MLN_USD","A","2015",28751.905,
"MKD","GDP","TOT","MLN_USD","A","2016",31373.363,
"MKD","GDP","TOT","MLN_USD","A","2017",32583.005,
"MKD","GDP","TOT","MLN_USD","A","2018",34872.76,
"MKD","GDP","TOT","MLN_USD","A","2019",37395.328,
"MKD","GDP","TOT","MLN_USD","A","2020",35902.666,
"MKD","GDP","TOT","MLN_USD","A","2021",37872.917,"P"
"MKD","GDP","TOT","MLN_USD","A","2022",41486.132,"E"
"ZMB","GDP","TOT","MLN_USD","A","2006",28842.396,
"ZMB","GDP","TOT","MLN_USD","A","2007",32096.058,
"ZMB","GDP","TOT","MLN_USD","A","2008",35254.59,
"ZMB","GDP","TOT","MLN_USD","A","2009",38751.964,
"ZMB","GDP","TOT","MLN_USD","A","2010",43256.434,
"ZMB","GDP","TOT","MLN_USD","A","2011",46612.239,
"ZMB","GDP","TOT","MLN_USD","A","2012",49508.704,
"ZMB","GDP","TOT","MLN_USD","A","2013",53419.766,
"ZMB","GDP","TOT","MLN_USD","A","2014",54506.425,
"ZMB","GDP","TOT","MLN_USD","A","2015",54472.617,
"ZMB","GDP","TOT","MLN_USD","A","2016",55712.229,
"ZMB","GDP","TOT","MLN_USD","A","2017",58603.828,
"ZMB","GDP","TOT","MLN_USD","A","2018",62564.66,
"ZMB","GDP","TOT","MLN_USD","A","2019",64601.642,
"ZMB","GDP","TOT","MLN_USD","A","2020",63559.36,
"HKG","GDP","TOT","MLN_USD","A","1995",152123.705,
"HKG","GDP","TOT","MLN_USD","A","1996",161505.904,
"HKG","GDP","TOT","MLN_USD","A","1997",172669.34,
"HKG","GDP","TOT","MLN_USD","A","1998",164340.83,
"HKG","GDP","TOT","MLN_USD","A","1999",170834.432,
"HKG","GDP","TOT","MLN_USD","A","2000",188093.241,
"HKG","GDP","TOT","MLN_USD","A","2001",193409.498,
"HKG","GDP","TOT","MLN_USD","A","2002",199677.939,
"HKG","GDP","TOT","MLN_USD","A","2003",209842.006,
"HKG","GDP","TOT","MLN_USD","A","2004",234221.492,
"HKG","GDP","TOT","MLN_USD","A","2005",259413.652,
"HKG","GDP","TOT","MLN_USD","A","2006",286224.526,
"HKG","GDP","TOT","MLN_USD","A","2007",312963.822,
"HKG","GDP","TOT","MLN_USD","A","2008",325753.722,
"HKG","GDP","TOT","MLN_USD","A","2009",319779.865,
"HKG","GDP","TOT","MLN_USD","A","2010",345524.692,
"HKG","GDP","TOT","MLN_USD","A","2011",369685.332,
"HKG","GDP","TOT","MLN_USD","A","2012",373482.559,
"HKG","GDP","TOT","MLN_USD","A","2013",385448.332,
"HKG","GDP","TOT","MLN_USD","A","2014",396043.918,
"HKG","GDP","TOT","MLN_USD","A","2015",411294.477,
"HKG","GDP","TOT","MLN_USD","A","2016",419837.595,
"HKG","GDP","TOT","MLN_USD","A","2017",442425.449,
"HKG","GDP","TOT","MLN_USD","A","2018",465891.515,
"HKG","GDP","TOT","MLN_USD","A","2019",466266.324,
"HKG","GDP","TOT","MLN_USD","A","2020",441000.955,
"HKG","GDP","TOT","MLN_USD","A","2021",488461.722,
"MDG","GDP","TOT","MLN_USD","A","2007",30579.05,"E"
"MDG","GDP","TOT","MLN_USD","A","2008",33364.839,"E"
"MDG","GDP","TOT","MLN_USD","A","2009",32219.617,"E"
"MDG","GDP","TOT","MLN_USD","A","2010",32812.667,"E"
"MDG","GDP","TOT","MLN_USD","A","2011",34048.44,"E"
"MDG","GDP","TOT","MLN_USD","A","2012",34613.437,"E"
"MDG","GDP","TOT","MLN_USD","A","2013",35664.458,"E"
"MDG","GDP","TOT","MLN_USD","A","2014",37112.146,"E"
"MDG","GDP","TOT","MLN_USD","A","2015",37860.94,"E"
"MDG","GDP","TOT","MLN_USD","A","2016",40431.499,"E"
"MDG","GDP","TOT","MLN_USD","A","2017",40952.508,"E"
"MDG","GDP","TOT","MLN_USD","A","2018",43169.242,"E"
"MDG","GDP","TOT","MLN_USD","A","2019",45918.731,"E"
"MDG","GDP","TOT","MLN_USD","A","2020",43227.888,"E"
"MAR","GDP","TOT","MLN_USD","A","2007",189050.865,"E"
"MAR","GDP","TOT","MLN_USD","A","2008",204089.512,"E"
"MAR","GDP","TOT","MLN_USD","A","2009",214114.21,"E"
"MAR","GDP","TOT","MLN_USD","A","2010",224955.598,"E"
"MAR","GDP","TOT","MLN_USD","A","2011",241675.201,"E"
"MAR","GDP","TOT","MLN_USD","A","2012",244714.331,"E"
"MAR","GDP","TOT","MLN_USD","A","2013",256127.215,"E"
"MAR","GDP","TOT","MLN_USD","A","2014",248261.803,
"MAR","GDP","TOT","MLN_USD","A","2015",269769.48,
"MAR","GDP","TOT","MLN_USD","A","2016",273970.678,
"MAR","GDP","TOT","MLN_USD","A","2017",285550.399,
"MAR","GDP","TOT","MLN_USD","A","2018",300886.834,
"MAR","GDP","TOT","MLN_USD","A","2019",313443.273,
"MAR","GDP","TOT","MLN_USD","A","2020",292347.633,
"MAR","GDP","TOT","MLN_USD","A","2021",332718.328,
"SGP","GDP","TOT","MLN_USD","A","1995",123664.374,
"SGP","GDP","TOT","MLN_USD","A","1996",135337.249,
"SGP","GDP","TOT","MLN_USD","A","1997",149120.059,
"SGP","GDP","TOT","MLN_USD","A","1998",147494.438,
"SGP","GDP","TOT","MLN_USD","A","1999",158126.117,
"SGP","GDP","TOT","MLN_USD","A","2000",176324.268,
"SGP","GDP","TOT","MLN_USD","A","2001",178366.039,
"SGP","GDP","TOT","MLN_USD","A","2002",188252.938,
"SGP","GDP","TOT","MLN_USD","A","2003",200699.505,
"SGP","GDP","TOT","MLN_USD","A","2004",226572.121,
"SGP","GDP","TOT","MLN_USD","A","2005",250890.427,
"SGP","GDP","TOT","MLN_USD","A","2006",281926.226,
"SGP","GDP","TOT","MLN_USD","A","2007",315666.748,
"SGP","GDP","TOT","MLN_USD","A","2008",327716.243,
"SGP","GDP","TOT","MLN_USD","A","2009",330238.767,
"SGP","GDP","TOT","MLN_USD","A","2010",382733.648,
"SGP","GDP","TOT","MLN_USD","A","2011",414966.621,
"SGP","GDP","TOT","MLN_USD","A","2012",435964.936,
"SGP","GDP","TOT","MLN_USD","A","2013",448140.098,
"SGP","GDP","TOT","MLN_USD","A","2014",461771.556,
"SGP","GDP","TOT","MLN_USD","A","2015",481405.402,
"SGP","GDP","TOT","MLN_USD","A","2016",501823.879,
"SGP","GDP","TOT","MLN_USD","A","2017",535039.344,
"SGP","GDP","TOT","MLN_USD","A","2018",567560.996,
"SGP","GDP","TOT","MLN_USD","A","2019",586329.688,
"SGP","GDP","TOT","MLN_USD","A","2020",571868.039,
"SGP","GDP","TOT","MLN_USD","A","2021",678160.327,
"EU27_2020","GDP","TOT","MLN_USD","A","1995",7567543.12,
"EU27_2020","GDP","TOT","MLN_USD","A","1996",7832130.575,
"EU27_2020","GDP","TOT","MLN_USD","A","1997",8150507.258,
"EU27_2020","GDP","TOT","MLN_USD","A","1998",8546770.134,
"EU27_2020","GDP","TOT","MLN_USD","A","1999",8893407.709,
"EU27_2020","GDP","TOT","MLN_USD","A","2000",9475027.451,
"EU27_2020","GDP","TOT","MLN_USD","A","2001",9957943.301,
"EU27_2020","GDP","TOT","MLN_USD","A","2002",10418157.273,
"EU27_2020","GDP","TOT","MLN_USD","A","2003",10680297.224,
"EU27_2020","GDP","TOT","MLN_USD","A","2004",11222107.19,
"EU27_2020","GDP","TOT","MLN_USD","A","2005",11675828.934,
"EU27_2020","GDP","TOT","MLN_USD","A","2006",12721332.113,
"EU27_2020","GDP","TOT","MLN_USD","A","2007",13603480.785,
"EU27_2020","GDP","TOT","MLN_USD","A","2008",14287594.694,
"EU27_2020","GDP","TOT","MLN_USD","A","2009",14023961.418,
"EU27_2020","GDP","TOT","MLN_USD","A","2010",14510078.443,
"EU27_2020","GDP","TOT","MLN_USD","A","2011",15204447.963,
"EU27_2020","GDP","TOT","MLN_USD","A","2012",15434257.631,
"EU27_2020","GDP","TOT","MLN_USD","A","2013",15958491.878,
"EU27_2020","GDP","TOT","MLN_USD","A","2014",16442214.016,
"EU27_2020","GDP","TOT","MLN_USD","A","2015",16993106.472,
"EU27_2020","GDP","TOT","MLN_USD","A","2016",18066059.248,
"EU27_2020","GDP","TOT","MLN_USD","A","2017",19038189.403,
"EU27_2020","GDP","TOT","MLN_USD","A","2018",19960032.659,
"EU27_2020","GDP","TOT","MLN_USD","A","2019",21248901.749,
"EU27_2020","GDP","TOT","MLN_USD","A","2020",20565151.678,
"EU27_2020","GDP","TOT","MLN_USD","A","2021",22082298.523,
"EU27_2020","GDP","TOT","MLN_USD","A","2022",24453771.082,
"ALB","GDP","TOT","MLN_USD","A","1997",8556.079,
"ALB","GDP","TOT","MLN_USD","A","1998",9451.895,
"ALB","GDP","TOT","MLN_USD","A","1999",10792.583,
"ALB","GDP","TOT","MLN_USD","A","2000",11927.776,
"ALB","GDP","TOT","MLN_USD","A","2001",13159.431,
"ALB","GDP","TOT","MLN_USD","A","2002",14221.925,
"ALB","GDP","TOT","MLN_USD","A","2003",15199.009,
"ALB","GDP","TOT","MLN_USD","A","2004",16429.452,
"ALB","GDP","TOT","MLN_USD","A","2005",17663.32,
"ALB","GDP","TOT","MLN_USD","A","2006",19647.843,
"ALB","GDP","TOT","MLN_USD","A","2007",21634.141,
"ALB","GDP","TOT","MLN_USD","A","2008",24251.46,"D"
"ALB","GDP","TOT","MLN_USD","A","2009",25801.628,
"ALB","GDP","TOT","MLN_USD","A","2010",28048.431,
"ALB","GDP","TOT","MLN_USD","A","2011",29655.579,
"ALB","GDP","TOT","MLN_USD","A","2012",30530.397,
"ALB","GDP","TOT","MLN_USD","A","2013",30603.995,"D"
"ALB","GDP","TOT","MLN_USD","A","2014",32529.046,
"ALB","GDP","TOT","MLN_USD","A","2015",33585.806,
"ALB","GDP","TOT","MLN_USD","A","2016",34740.019,
"ALB","GDP","TOT","MLN_USD","A","2017",36696.774,
"ALB","GDP","TOT","MLN_USD","A","2018",38690.695,
"ALB","GDP","TOT","MLN_USD","A","2019",41121.413,
"ALB","GDP","TOT","MLN_USD","A","2020",39826.28,"P"
"SRB","GDP","TOT","MLN_USD","A","2000",45247.811,
"SRB","GDP","TOT","MLN_USD","A","2001",48644.884,
"SRB","GDP","TOT","MLN_USD","A","2002",54159.251,
"SRB","GDP","TOT","MLN_USD","A","2003",57197.759,
"SRB","GDP","TOT","MLN_USD","A","2004",63344.407,
"SRB","GDP","TOT","MLN_USD","A","2005",68319.08,
"SRB","GDP","TOT","MLN_USD","A","2006",75654.761,
"SRB","GDP","TOT","MLN_USD","A","2007",82950.661,
"SRB","GDP","TOT","MLN_USD","A","2008",92848.287,
"SRB","GDP","TOT","MLN_USD","A","2009",91763.439,
"SRB","GDP","TOT","MLN_USD","A","2010",93316.964,
"SRB","GDP","TOT","MLN_USD","A","2011",99446.681,
"SRB","GDP","TOT","MLN_USD","A","2012",100310.888,
"SRB","GDP","TOT","MLN_USD","A","2013",104804.573,
"SRB","GDP","TOT","MLN_USD","A","2014",104530.725,
"SRB","GDP","TOT","MLN_USD","A","2015",105922.988,
"SRB","GDP","TOT","MLN_USD","A","2016",111931.491,
"SRB","GDP","TOT","MLN_USD","A","2017",116623.419,
"SRB","GDP","TOT","MLN_USD","A","2018",123717.018,
"SRB","GDP","TOT","MLN_USD","A","2019",134771.47,
"SRB","GDP","TOT","MLN_USD","A","2020",134862.222,
"SRB","GDP","TOT","MLN_USD","A","2021",147874.29,"P"
"GEO","GDP","TOT","MLN_USD","A","2010",28645.899,
"GEO","GDP","TOT","MLN_USD","A","2011",31404.993,
"GEO","GDP","TOT","MLN_USD","A","2012",36640.15,
"GEO","GDP","TOT","MLN_USD","A","2013",39450.982,
"GEO","GDP","TOT","MLN_USD","A","2014",43054.384,
"GEO","GDP","TOT","MLN_USD","A","2015",45035.513,
"GEO","GDP","TOT","MLN_USD","A","2016",47930.085,
"GEO","GDP","TOT","MLN_USD","A","2017",50662.562,
"GEO","GDP","TOT","MLN_USD","A","2018",54384.905,
"GEO","GDP","TOT","MLN_USD","A","2019",58115.885,
"GEO","GDP","TOT","MLN_USD","A","2020",54840.076,
"GEO","GDP","TOT","MLN_USD","A","2021",63096.682,
"CMR","GDP","TOT","MLN_USD","A","1995",22620.476,
"CMR","GDP","TOT","MLN_USD","A","1996",24005.577,
"CMR","GDP","TOT","MLN_USD","A","1997",25525.086,
"CMR","GDP","TOT","MLN_USD","A","1998",27032.152,
"CMR","GDP","TOT","MLN_USD","A","1999",29608.125,
"CMR","GDP","TOT","MLN_USD","A","2000",31439.326,
"CMR","GDP","TOT","MLN_USD","A","2001",33537.786,
"CMR","GDP","TOT","MLN_USD","A","2002",35585.38,
"CMR","GDP","TOT","MLN_USD","A","2003",38266.517,
"CMR","GDP","TOT","MLN_USD","A","2004",42063.508,
"CMR","GDP","TOT","MLN_USD","A","2005",44349.226,
"CMR","GDP","TOT","MLN_USD","A","2006",47459.311,
"CMR","GDP","TOT","MLN_USD","A","2007",50851.261,
"CMR","GDP","TOT","MLN_USD","A","2008",53302.407,
"CMR","GDP","TOT","MLN_USD","A","2009",55027.667,
"CMR","GDP","TOT","MLN_USD","A","2010",57303.422,
"CMR","GDP","TOT","MLN_USD","A","2011",60470.66,
"CMR","GDP","TOT","MLN_USD","A","2012",63568.301,
"CMR","GDP","TOT","MLN_USD","A","2013",69098.828,
"CMR","GDP","TOT","MLN_USD","A","2014",75134.547,
"CMR","GDP","TOT","MLN_USD","A","2015",79112.64,
"CMR","GDP","TOT","MLN_USD","A","2016",84392.895,
"CMR","GDP","TOT","MLN_USD","A","2017",90037.542,
"CMR","GDP","TOT","MLN_USD","A","2018",95835.08,
"CMR","GDP","TOT","MLN_USD","A","2019",100939.193,
"CMR","GDP","TOT","MLN_USD","A","2020",102499.678,
"SEN","GDP","TOT","MLN_USD","A","1999",18530.338,
"SEN","GDP","TOT","MLN_USD","A","2000",19677.172,
"SEN","GDP","TOT","MLN_USD","A","2001",20973.417,
"SEN","GDP","TOT","MLN_USD","A","2002",21305.032,
"SEN","GDP","TOT","MLN_USD","A","2003",22948.596,
"SEN","GDP","TOT","MLN_USD","A","2004",24679.79,
"SEN","GDP","TOT","MLN_USD","A","2005",26547.082,
"SEN","GDP","TOT","MLN_USD","A","2006",27950.486,
"SEN","GDP","TOT","MLN_USD","A","2007",29437.139,
"SEN","GDP","TOT","MLN_USD","A","2008",31087.211,
"SEN","GDP","TOT","MLN_USD","A","2009",32147.503,
"SEN","GDP","TOT","MLN_USD","A","2010",33637.035,
"SEN","GDP","TOT","MLN_USD","A","2011",34793.989,
"SEN","GDP","TOT","MLN_USD","A","2012",36713.666,
"SEN","GDP","TOT","MLN_USD","A","2013",37797.219,
"SEN","GDP","TOT","MLN_USD","A","2014",40124.398,
"SEN","GDP","TOT","MLN_USD","A","2015",43317.631,
"SEN","GDP","TOT","MLN_USD","A","2016",46119.11,
"SEN","GDP","TOT","MLN_USD","A","2017",49402.166,
"SEN","GDP","TOT","MLN_USD","A","2018",53722.712,
"SEN","GDP","TOT","MLN_USD","A","2019",57219.726,
"SEN","GDP","TOT","MLN_USD","A","2020",58676.63,
